attribute1,attribute2,attribute3,attribute4,attribute5,attribute6,attribute7,attribute8,attribute9,attribute10,attribute11,attribute12,attribute13,attribute14,attribute15,attribute16,attribute17,attribute18,attribute19,attribute20,attribute21,attribute22,attribute23,attribute24,attribute25,attribute26,attribute27,attribute28,attribute29,attribute30,attribute31,attribute32,attribute33,attribute34,attribute35,attribute36,attribute37,attribute38,attribute39,attribute40,attribute41,attribute42,attribute43,attribute44,attribute45,attribute46,attribute47,attribute48,attribute49,attribute50,attribute51,attribute52,attribute53,attribute54,attribute55,attribute56,attribute57,attribute58,attribute59,class
0.075886,0.014334,0.005196,0.007222,0.013591,0.005992,0.00915,0.005415,0.006211,0.006018,0.010295,0.014622,0.007811,0.01025,0.010585,0.009681,0.006421,0.008167,0.01026,0.017957,0.008361,0.007413,0.01618,0.00778,0.011119,0.014862,0.017085,0.009426,0.01076,0.006474,0.008072,0.010595,0.017226,0.007814,0.007152,0.010881,0.007937,0.010715,0.016269,0.017494,0.008954,0.010312,0.00884,0.01433,0.008728,0.009877,0.011401,0.014111,0.014574,0.009457,0.012746,0.008909,0.009219,0.01299,0.009921,0.012211,0.011541,0.105307,0.227895,R/Normal
0.039125,0.01282,0.002017,0.00586,0.010533,0.004874,0.012281,0.002194,0.005033,0.004204,0.010642,0.014648,0.006467,0.014344,0.01151,0.014499,0.002507,0.007412,0.006879,0.016725,0.008707,0.009545,0.012734,0.006069,0.017208,0.016551,0.027505,0.013155,0.016565,0.002542,0.006508,0.006403,0.015654,0.007717,0.008909,0.006762,0.006126,0.014061,0.01469,0.024236,0.011027,0.014899,0.0063,0.014872,0.00729,0.012612,0.007734,0.017212,0.029122,0.012147,0.019908,0.008882,0.013311,0.007958,0.014499,0.022874,0.009236,0.134147,0.189746,R/Normal
0.091066,0.015227,0.004476,0.005555,0.015568,0.004611,0.006435,0.004858,0.004993,0.003415,0.005982,0.01663,0.006186,0.006875,0.006614,0.006292,0.006684,0.007954,0.006546,0.009001,0.005078,0.006587,0.021266,0.008077,0.009764,0.009907,0.012081,0.00783,0.011513,0.006306,0.007029,0.006623,0.008599,0.004669,0.006026,0.011951,0.00746,0.00895,0.010319,0.0116,0.007022,0.010758,0.006507,0.010316,0.006251,0.009003,0.011535,0.009474,0.012122,0.009585,0.014893,0.007136,0.01007,0.0164,0.00968,0.016052,0.012968,0.134093,0.269535,R/Normal
0.073723,0.013937,0.004365,0.006334,0.01234,0.005586,0.009651,0.004792,0.005753,0.005975,0.011758,0.013969,0.006432,0.009569,0.011868,0.010285,0.006749,0.008134,0.006943,0.012589,0.007949,0.006866,0.018095,0.010018,0.014216,0.012676,0.012579,0.00781,0.009559,0.007156,0.008294,0.00755,0.015095,0.008424,0.006966,0.009879,0.009152,0.011401,0.011528,0.012909,0.007747,0.009135,0.011538,0.018924,0.009529,0.009721,0.011129,0.022875,0.021315,0.011067,0.013954,0.011468,0.012409,0.014666,0.010273,0.013845,0.010722,0.106613,0.224195,R/Normal
0.070146,0.01482,0.005368,0.007559,0.013164,0.006354,0.010104,0.00534,0.006194,0.007272,0.01369,0.01418,0.00735,0.009443,0.013097,0.011492,0.006282,0.008016,0.010732,0.017087,0.007955,0.007539,0.014411,0.007406,0.010956,0.017125,0.017612,0.00904,0.0104,0.006599,0.008776,0.011991,0.018456,0.008042,0.00783,0.010042,0.007593,0.011733,0.018422,0.019975,0.009602,0.0108,0.009729,0.016645,0.009662,0.010739,0.011801,0.017856,0.01616,0.00948,0.012691,0.00917,0.009396,0.011686,0.009882,0.012239,0.01092,0.098767,0.213185,R/Normal
0.050208,0.016284,0.00281,0.006452,0.008872,0.004922,0.010691,0.002727,0.005163,0.005887,0.014023,0.016351,0.006654,0.011458,0.014938,0.014377,0.00391,0.008567,0.006133,0.012455,0.008015,0.007939,0.012954,0.008571,0.015982,0.011546,0.015854,0.010262,0.012612,0.003836,0.008449,0.006297,0.011914,0.007208,0.0076,0.005973,0.008399,0.01604,0.013009,0.016195,0.010166,0.013077,0.011557,0.024302,0.010395,0.01311,0.011382,0.025144,0.030782,0.012912,0.017568,0.010088,0.013146,0.00832,0.012925,0.017657,0.011224,0.113759,0.200947,R/Normal
0.05926,0.015676,0.003662,0.00758,0.01142,0.006299,0.01114,0.00386,0.006671,0.007309,0.013991,0.016521,0.008248,0.012085,0.013754,0.014105,0.004667,0.009072,0.00873,0.015501,0.008969,0.009097,0.014162,0.008458,0.014591,0.015548,0.018441,0.011281,0.011466,0.004792,0.008838,0.008094,0.014254,0.008488,0.008444,0.008062,0.008463,0.013862,0.014828,0.016943,0.010264,0.010762,0.010404,0.018041,0.009935,0.012217,0.011324,0.018606,0.02097,0.011557,0.014105,0.0107,0.011441,0.010213,0.012543,0.013853,0.011741,0.101316,0.203375,R/Normal
0.070146,0.01482,0.005368,0.007559,0.013164,0.006354,0.010104,0.00534,0.006194,0.007272,0.01369,0.01418,0.00735,0.009443,0.013097,0.011492,0.006282,0.008016,0.010732,0.017087,0.007955,0.007539,0.014411,0.007406,0.010956,0.017125,0.017612,0.00904,0.0104,0.006599,0.008776,0.011991,0.018456,0.008042,0.00783,0.010042,0.007593,0.011733,0.018422,0.019975,0.009602,0.0108,0.009729,0.016645,0.009662,0.010739,0.011801,0.017856,0.01616,0.00948,0.012691,0.00917,0.009396,0.011686,0.009882,0.012239,0.01092,0.098767,0.213185,R/Normal
0.083756,0.0137,0.004573,0.005849,0.01493,0.005243,0.007043,0.004559,0.005346,0.003822,0.00644,0.014876,0.006465,0.007916,0.007368,0.006744,0.006769,0.008411,0.007723,0.011225,0.005941,0.006779,0.02183,0.009571,0.011846,0.012608,0.014207,0.008369,0.01128,0.006415,0.007847,0.006908,0.010195,0.005363,0.006565,0.011071,0.008595,0.010861,0.012146,0.012721,0.007564,0.010509,0.006993,0.009829,0.007859,0.009684,0.010363,0.010546,0.012392,0.011055,0.015558,0.008437,0.011994,0.016355,0.011043,0.016728,0.010819,0.124967,0.253428,R/Normal
0.042424,0.012499,0.003219,0.006884,0.008982,0.005654,0.012566,0.003215,0.00599,0.007005,0.01729,0.012551,0.007463,0.013806,0.018912,0.015831,0.003985,0.008629,0.010754,0.025871,0.010374,0.008325,0.010827,0.007616,0.019066,0.023814,0.026892,0.010736,0.011553,0.003694,0.00813,0.010255,0.01972,0.009706,0.007755,0.005888,0.007558,0.017281,0.02431,0.025128,0.010385,0.010992,0.010353,0.025939,0.012325,0.012696,0.008557,0.027651,0.027127,0.011298,0.014199,0.013566,0.011671,0.007233,0.012475,0.014526,0.00869,0.085549,0.162612,R/Normal
0.052894,0.01148,0.003289,0.006899,0.014533,0.006277,0.012405,0.003467,0.006291,0.005425,0.012762,0.011406,0.006678,0.011479,0.011772,0.012711,0.003807,0.007665,0.009843,0.019002,0.008187,0.009373,0.016464,0.008163,0.015591,0.023267,0.024176,0.009964,0.012959,0.004028,0.007539,0.009321,0.020987,0.008601,0.009292,0.009823,0.007854,0.013122,0.018933,0.02263,0.010249,0.012876,0.007778,0.016172,0.008676,0.011152,0.008162,0.018344,0.018819,0.011551,0.015097,0.011136,0.012207,0.011305,0.011446,0.014717,0.007751,0.106019,0.196186,R/Normal
0.076352,0.013395,0.005168,0.0071,0.016272,0.006442,0.009732,0.00517,0.00613,0.004878,0.008359,0.013102,0.006867,0.008982,0.009181,0.008732,0.005778,0.007416,0.008691,0.015275,0.007159,0.008083,0.018214,0.007702,0.011022,0.017182,0.016023,0.008801,0.012086,0.00598,0.007647,0.009692,0.018432,0.007621,0.008324,0.012652,0.007376,0.009879,0.015418,0.018173,0.009376,0.011895,0.006645,0.012286,0.007299,0.009711,0.010222,0.010755,0.012044,0.009869,0.013726,0.008684,0.009899,0.014075,0.009673,0.013261,0.010007,0.113633,0.236452,R/Normal
0.078919,0.015019,0.005372,0.007469,0.013863,0.006617,0.010072,0.005785,0.006627,0.006041,0.0115,0.014847,0.007296,0.009527,0.01054,0.010357,0.006493,0.007977,0.00786,0.012945,0.007817,0.007866,0.017288,0.007869,0.011548,0.013535,0.013805,0.00898,0.01132,0.006453,0.007725,0.007568,0.014195,0.008694,0.008193,0.011488,0.008026,0.009823,0.010561,0.013365,0.009022,0.011134,0.008367,0.014754,0.00808,0.009544,0.012064,0.015364,0.013851,0.009872,0.012825,0.009541,0.010068,0.013748,0.009492,0.012996,0.011792,0.110637,0.235607,R/Normal
0.079115,0.013972,0.006245,0.007464,0.014171,0.007068,0.009164,0.006267,0.007253,0.006416,0.009924,0.014417,0.008162,0.010017,0.011059,0.009932,0.007152,0.008877,0.009501,0.015508,0.00863,0.008271,0.016376,0.008683,0.010886,0.014126,0.015281,0.00945,0.010913,0.006777,0.00828,0.008734,0.013685,0.00775,0.008378,0.0116,0.008546,0.011346,0.013102,0.013943,0.008912,0.010701,0.008521,0.013032,0.009347,0.00972,0.011645,0.012307,0.013218,0.010081,0.0122,0.009164,0.010256,0.013195,0.010396,0.012803,0.011642,0.105893,0.230526,R/Normal
0.074124,0.014439,0.004944,0.006931,0.013484,0.005285,0.008456,0.004991,0.005466,0.00487,0.009586,0.015055,0.007193,0.008853,0.009458,0.008693,0.006404,0.008105,0.010321,0.018462,0.007299,0.006837,0.016992,0.007847,0.011574,0.015975,0.018854,0.008821,0.011076,0.006408,0.007838,0.010315,0.017231,0.00686,0.006679,0.010149,0.007589,0.010396,0.014797,0.017827,0.00874,0.010735,0.00841,0.013714,0.007664,0.010004,0.011372,0.015679,0.014925,0.009612,0.013569,0.009102,0.010066,0.012753,0.010543,0.014187,0.011542,0.110979,0.22992,R/Normal
0.067595,0.01613,0.00412,0.006996,0.012906,0.006117,0.01003,0.004075,0.006111,0.005547,0.010849,0.016215,0.007432,0.010717,0.011787,0.01177,0.005194,0.008256,0.006828,0.012644,0.007309,0.008523,0.015016,0.008176,0.012509,0.01156,0.014395,0.010084,0.012733,0.004808,0.008148,0.00712,0.012183,0.006946,0.008326,0.009169,0.007722,0.012298,0.013,0.014876,0.009695,0.012454,0.008869,0.01564,0.008007,0.011071,0.011857,0.016142,0.018664,0.011054,0.014844,0.008753,0.011511,0.01114,0.011464,0.015236,0.012182,0.117892,0.227302,R/Normal
0.04771,0.01316,0.00203,0.005278,0.010333,0.003976,0.009803,0.002019,0.003987,0.003494,0.007711,0.013716,0.005271,0.010658,0.010359,0.010534,0.00327,0.007623,0.005832,0.013621,0.006846,0.00712,0.017384,0.00823,0.017663,0.015533,0.020568,0.009394,0.013445,0.003126,0.007144,0.006248,0.013813,0.005818,0.006837,0.006485,0.007895,0.016908,0.016937,0.02266,0.009485,0.013415,0.007877,0.018004,0.008951,0.013029,0.008271,0.016375,0.027919,0.014451,0.022164,0.009759,0.014865,0.011117,0.013683,0.023811,0.008725,0.128241,0.209422,R/Normal
0.076088,0.015246,0.005176,0.006873,0.012977,0.006019,0.009086,0.005238,0.006162,0.006795,0.011678,0.014971,0.007154,0.009743,0.012895,0.010973,0.006412,0.007641,0.009629,0.016349,0.008247,0.007338,0.015974,0.007805,0.011131,0.013935,0.015698,0.008855,0.010162,0.006531,0.007736,0.008536,0.013969,0.007453,0.006956,0.010564,0.007928,0.011292,0.013359,0.014029,0.008439,0.010457,0.010962,0.018881,0.009112,0.009144,0.012194,0.016582,0.018115,0.009821,0.012648,0.008877,0.009479,0.012891,0.009073,0.012077,0.01212,0.106355,0.228172,R/Normal
0.055471,0.011743,0.003385,0.006243,0.014504,0.006113,0.010988,0.003496,0.006508,0.005538,0.011355,0.012554,0.007213,0.012744,0.011805,0.012074,0.003953,0.007623,0.009427,0.021421,0.008957,0.009552,0.016879,0.007895,0.014688,0.019487,0.023326,0.01074,0.013657,0.004074,0.007133,0.00811,0.017486,0.007761,0.00868,0.009859,0.007386,0.013546,0.018123,0.019805,0.009138,0.012354,0.007207,0.015206,0.00886,0.010978,0.008238,0.016498,0.016746,0.011503,0.015256,0.009923,0.011841,0.011323,0.011667,0.015983,0.008512,0.110571,0.206889,R/Normal
0.062839,0.012374,0.004348,0.007505,0.013936,0.006819,0.0116,0.004341,0.006971,0.006195,0.011902,0.012544,0.007403,0.011659,0.011562,0.011049,0.005145,0.008187,0.009813,0.018373,0.008954,0.008831,0.016514,0.00849,0.013801,0.019447,0.018736,0.009763,0.011858,0.005,0.007978,0.010277,0.02012,0.00889,0.008854,0.01028,0.008556,0.013233,0.017594,0.019172,0.009664,0.011371,0.008458,0.014913,0.009656,0.010579,0.008897,0.016063,0.016226,0.010948,0.014216,0.01015,0.011055,0.012109,0.010782,0.013777,0.00874,0.103553,0.20793,R/Normal
0.057794,0.012373,0.003784,0.007035,0.012373,0.006193,0.011767,0.004322,0.006495,0.005576,0.013721,0.012609,0.007222,0.011177,0.012246,0.011572,0.005245,0.008729,0.009623,0.016529,0.008651,0.009089,0.016048,0.009089,0.016159,0.021075,0.021026,0.010229,0.011826,0.005138,0.008057,0.009802,0.019959,0.009436,0.008394,0.008959,0.00868,0.013853,0.016106,0.02021,0.009709,0.01092,0.008727,0.018052,0.010203,0.011263,0.008764,0.019801,0.018701,0.01234,0.015101,0.012128,0.012887,0.011286,0.012151,0.014992,0.008852,0.099143,0.196808,R/Normal
0.077153,0.015432,0.005152,0.007087,0.01288,0.005692,0.008809,0.005025,0.005663,0.006047,0.010312,0.014741,0.006771,0.009493,0.011847,0.010042,0.006722,0.007909,0.008335,0.013365,0.007707,0.006856,0.017586,0.008488,0.011518,0.012916,0.014028,0.008365,0.009875,0.006572,0.007968,0.008588,0.014554,0.007141,0.006935,0.010158,0.008304,0.011364,0.013863,0.014525,0.008676,0.010251,0.009957,0.017002,0.008824,0.009704,0.01207,0.0153,0.016762,0.010162,0.013267,0.008765,0.010444,0.013855,0.009746,0.013652,0.012024,0.110029,0.233722,R/Normal
0.038054,0.011349,0.002439,0.007068,0.009414,0.005743,0.013738,0.002103,0.005517,0.005714,0.01313,0.01163,0.006964,0.015006,0.014694,0.015446,0.003216,0.008802,0.008821,0.018645,0.010599,0.009155,0.013274,0.008572,0.02049,0.020214,0.027038,0.011383,0.011744,0.002608,0.008186,0.00973,0.018227,0.009191,0.009372,0.006018,0.008078,0.020385,0.023333,0.029175,0.011722,0.012361,0.008642,0.022779,0.012952,0.014248,0.007197,0.020366,0.028735,0.014484,0.01676,0.012775,0.015183,0.008451,0.014762,0.018571,0.007453,0.094842,0.163455,R/Normal
0.06071,0.011248,0.003928,0.006582,0.015239,0.007012,0.011761,0.004116,0.007115,0.006795,0.012635,0.012336,0.007308,0.012741,0.013004,0.012842,0.004523,0.007767,0.009725,0.020221,0.009564,0.009746,0.017175,0.008161,0.013814,0.019172,0.02026,0.009942,0.012011,0.004439,0.007282,0.009135,0.018959,0.009115,0.009297,0.011045,0.008137,0.012674,0.017187,0.018805,0.009154,0.011498,0.00898,0.016174,0.009302,0.009902,0.00812,0.01695,0.01749,0.011033,0.013009,0.010051,0.011168,0.012341,0.010769,0.013617,0.008836,0.101539,0.206539,R/Normal
0.084298,0.01622,0.004313,0.005599,0.01389,0.004471,0.007153,0.004495,0.004504,0.004298,0.009563,0.016872,0.005719,0.006596,0.008223,0.007354,0.006493,0.007422,0.006703,0.011564,0.005174,0.005686,0.019102,0.007886,0.010733,0.010727,0.011903,0.00726,0.010304,0.006251,0.007272,0.006445,0.010609,0.005688,0.005897,0.010694,0.007717,0.009566,0.011302,0.011791,0.006814,0.01004,0.008991,0.014319,0.007374,0.009223,0.012386,0.015803,0.016278,0.009543,0.014634,0.008187,0.010421,0.015216,0.009662,0.014795,0.013152,0.126961,0.258441,R/Normal
0.088416,0.016693,0.00514,0.006283,0.014177,0.004829,0.007396,0.004521,0.004552,0.004448,0.009223,0.015651,0.005186,0.006685,0.008395,0.007453,0.006817,0.006882,0.006598,0.010619,0.005258,0.005659,0.019772,0.007754,0.010061,0.01116,0.011129,0.006578,0.009851,0.006865,0.007217,0.007279,0.012719,0.006064,0.006265,0.011228,0.007576,0.009229,0.010268,0.012534,0.007507,0.01079,0.008084,0.012288,0.007011,0.008808,0.013176,0.013763,0.0135,0.009135,0.014625,0.007917,0.009886,0.01595,0.008802,0.013932,0.012339,0.126669,0.261388,R/Normal
0.079422,0.015434,0.00516,0.006573,0.014151,0.005905,0.00837,0.005303,0.005958,0.005351,0.009405,0.015002,0.006908,0.009033,0.010132,0.008915,0.006446,0.007647,0.008485,0.013577,0.00727,0.007167,0.017395,0.007841,0.011081,0.013305,0.013924,0.008473,0.010792,0.006577,0.007675,0.008307,0.013259,0.006786,0.007055,0.01133,0.007917,0.010513,0.013069,0.013813,0.008545,0.010866,0.00907,0.016095,0.008033,0.00982,0.01201,0.014996,0.016063,0.009762,0.012973,0.008672,0.009922,0.014204,0.009806,0.013261,0.01176,0.112843,0.240573,R/Normal
0.088468,0.015282,0.005198,0.005679,0.015438,0.00481,0.006822,0.005341,0.005048,0.004218,0.006993,0.016747,0.006754,0.007558,0.007727,0.007074,0.006609,0.00731,0.008004,0.01279,0.006347,0.006098,0.01904,0.007322,0.009581,0.010882,0.013013,0.00831,0.010808,0.0065,0.00663,0.007214,0.011499,0.005645,0.005839,0.012464,0.007242,0.008388,0.010571,0.01164,0.007257,0.00985,0.00919,0.013525,0.007034,0.008069,0.012571,0.014227,0.015573,0.008805,0.012497,0.007781,0.009438,0.015166,0.008834,0.013247,0.013854,0.123257,0.260926,R/Normal
0.076088,0.015246,0.005176,0.006873,0.012977,0.006019,0.009086,0.005238,0.006162,0.006795,0.011678,0.014971,0.007154,0.009743,0.012895,0.010973,0.006412,0.007641,0.009629,0.016349,0.008247,0.007338,0.015974,0.007805,0.011131,0.013935,0.015698,0.008855,0.010162,0.006531,0.007736,0.008536,0.013969,0.007453,0.006956,0.010564,0.007928,0.011292,0.013359,0.014029,0.008439,0.010457,0.010962,0.018881,0.009112,0.009144,0.012194,0.016582,0.018115,0.009821,0.012648,0.008877,0.009479,0.012891,0.009073,0.012077,0.01212,0.106355,0.228172,R/Normal
0.076105,0.015255,0.005084,0.006834,0.012437,0.006069,0.008537,0.004963,0.00601,0.005924,0.010289,0.014675,0.006938,0.00891,0.010844,0.009881,0.007051,0.008025,0.008805,0.013986,0.007279,0.007188,0.017399,0.008317,0.011765,0.013702,0.014488,0.008491,0.01017,0.006775,0.008236,0.008634,0.012797,0.007204,0.007064,0.010074,0.008413,0.011933,0.014206,0.014428,0.008215,0.010347,0.009392,0.017447,0.009347,0.010209,0.011823,0.016464,0.016998,0.010506,0.013773,0.008991,0.010488,0.013863,0.009927,0.01387,0.011895,0.109807,0.231451,R/Normal
0.077153,0.015432,0.005152,0.007087,0.01288,0.005692,0.008809,0.005025,0.005663,0.006047,0.010312,0.014741,0.006771,0.009493,0.011847,0.010042,0.006722,0.007909,0.008335,0.013365,0.007707,0.006856,0.017586,0.008488,0.011518,0.012916,0.014028,0.008365,0.009875,0.006572,0.007968,0.008588,0.014554,0.007141,0.006935,0.010158,0.008304,0.011364,0.013863,0.014525,0.008676,0.010251,0.009957,0.017002,0.008824,0.009704,0.01207,0.0153,0.016762,0.010162,0.013267,0.008765,0.010444,0.013855,0.009746,0.013652,0.012024,0.110029,0.233722,R/Normal
0.051456,0.00917,0.003838,0.006522,0.012318,0.006718,0.011157,0.004177,0.006999,0.005988,0.011447,0.01071,0.007626,0.013697,0.013022,0.010859,0.004856,0.008959,0.011328,0.02541,0.011144,0.009536,0.016274,0.009725,0.017784,0.024442,0.025134,0.010426,0.010961,0.004741,0.007617,0.010329,0.022304,0.009031,0.008527,0.009487,0.009236,0.015848,0.022832,0.021834,0.008814,0.009628,0.009031,0.018215,0.011527,0.011287,0.006707,0.018502,0.02072,0.013259,0.01452,0.012532,0.014305,0.012108,0.012668,0.015689,0.007587,0.093131,0.176305,R/Normal
0.073574,0.014886,0.00452,0.006578,0.012071,0.005016,0.008516,0.00439,0.00502,0.004685,0.010519,0.014477,0.006273,0.008719,0.010506,0.00837,0.006477,0.008029,0.008997,0.016756,0.007455,0.0063,0.01758,0.008207,0.012512,0.015258,0.0165,0.008066,0.009398,0.00669,0.008535,0.010077,0.016133,0.006975,0.006374,0.009175,0.008426,0.012991,0.01875,0.018172,0.008056,0.010316,0.008459,0.016383,0.010128,0.011282,0.011778,0.016725,0.015264,0.010826,0.015041,0.009798,0.010597,0.013551,0.010422,0.014306,0.011177,0.107659,0.22628,R/Normal
0.060049,0.012489,0.004059,0.007256,0.01262,0.006063,0.011718,0.003645,0.005856,0.005266,0.010895,0.011252,0.006748,0.010631,0.010693,0.01024,0.005336,0.008255,0.009777,0.017606,0.007895,0.007757,0.017441,0.009493,0.015235,0.019311,0.020448,0.008935,0.010414,0.005276,0.008741,0.011133,0.021418,0.008899,0.008053,0.009021,0.00925,0.014904,0.019006,0.022655,0.009842,0.01127,0.009426,0.016027,0.010643,0.011831,0.008862,0.016903,0.01867,0.01263,0.015642,0.010944,0.012768,0.012626,0.011253,0.015128,0.007904,0.100879,0.201012,R/Normal
0.050326,0.015586,0.003158,0.006937,0.008779,0.005228,0.01102,0.003338,0.005696,0.006567,0.013475,0.016539,0.007433,0.012243,0.014837,0.015132,0.004252,0.009171,0.007646,0.013642,0.008585,0.008251,0.012362,0.008599,0.016472,0.014731,0.017564,0.011326,0.012767,0.004244,0.008332,0.007199,0.014518,0.008117,0.007819,0.005978,0.008146,0.014703,0.012714,0.015891,0.009877,0.011639,0.012277,0.023481,0.00974,0.012512,0.010404,0.024224,0.031134,0.012261,0.016754,0.011301,0.013019,0.008501,0.013555,0.017279,0.011312,0.108451,0.192957,R/Normal
0.043628,0.011757,0.002822,0.006093,0.011295,0.005517,0.011937,0.002647,0.005309,0.004802,0.011625,0.011481,0.006215,0.012539,0.012485,0.012842,0.003375,0.007004,0.008291,0.02149,0.008793,0.008554,0.014093,0.007186,0.015605,0.019442,0.026153,0.010603,0.013247,0.003459,0.007161,0.008296,0.018955,0.008263,0.008697,0.007413,0.007206,0.016338,0.02085,0.026219,0.010454,0.013544,0.007589,0.018198,0.010805,0.012829,0.00735,0.019871,0.024534,0.013122,0.01896,0.010043,0.012639,0.009453,0.012079,0.018027,0.007315,0.122631,0.180871,R/Normal
0.044333,0.014498,0.00232,0.006083,0.010411,0.004634,0.011735,0.002016,0.004074,0.003649,0.01072,0.013459,0.005167,0.009877,0.009904,0.011759,0.002966,0.006661,0.005281,0.01225,0.006041,0.006928,0.014312,0.006711,0.01698,0.01476,0.020456,0.009295,0.013894,0.002948,0.007772,0.006652,0.015473,0.006943,0.007752,0.006755,0.00665,0.017029,0.01662,0.026029,0.011544,0.015527,0.007127,0.018716,0.00953,0.014104,0.009531,0.019973,0.025615,0.01287,0.022071,0.009647,0.01279,0.009185,0.013016,0.020718,0.008729,0.130859,0.206651,R/Normal
0.0525,0.014308,0.00249,0.006305,0.011612,0.004816,0.010919,0.002592,0.004794,0.004056,0.008846,0.015483,0.006757,0.011105,0.009455,0.011586,0.003695,0.00827,0.007064,0.013787,0.006706,0.007744,0.016101,0.00761,0.017014,0.016362,0.021679,0.010779,0.014087,0.003088,0.007485,0.007138,0.014694,0.006611,0.007791,0.007535,0.007189,0.015212,0.015368,0.021335,0.010138,0.013267,0.006919,0.01722,0.008472,0.012458,0.009098,0.014914,0.021556,0.012003,0.018099,0.009692,0.012416,0.010733,0.013748,0.019733,0.010242,0.120122,0.2172,R/Normal
0.08685,0.017008,0.004998,0.006611,0.013933,0.005171,0.007228,0.00496,0.005186,0.005043,0.007363,0.016739,0.006562,0.007989,0.008569,0.008432,0.006595,0.007819,0.007523,0.0105,0.006071,0.0064,0.018578,0.007308,0.009793,0.011267,0.013064,0.007626,0.010596,0.006531,0.007738,0.008236,0.010794,0.00557,0.006358,0.011028,0.007246,0.010047,0.012295,0.014093,0.008091,0.010476,0.006994,0.010957,0.007338,0.00953,0.013819,0.01026,0.011804,0.009062,0.013893,0.007298,0.008796,0.015098,0.009851,0.013753,0.013788,0.12327,0.260208,R/Normal
0.078501,0.015386,0.004711,0.006632,0.012666,0.005518,0.008598,0.004882,0.005376,0.005534,0.011062,0.015499,0.006476,0.00814,0.009247,0.009116,0.006662,0.008156,0.008247,0.012449,0.006551,0.006642,0.017841,0.008698,0.011775,0.012759,0.013661,0.008065,0.009973,0.006688,0.008024,0.008201,0.01284,0.007325,0.006508,0.009989,0.008268,0.010399,0.012486,0.01394,0.007979,0.009798,0.01127,0.015542,0.00796,0.009694,0.012202,0.019872,0.019794,0.010256,0.013476,0.008897,0.010696,0.014622,0.009687,0.013854,0.012075,0.11198,0.236859,R/Normal
0.063068,0.012968,0.004541,0.00768,0.013557,0.006738,0.011097,0.004209,0.006279,0.006742,0.0132,0.012685,0.007059,0.010507,0.013703,0.012172,0.00584,0.008253,0.010036,0.018006,0.008409,0.008399,0.016069,0.008782,0.013811,0.018452,0.018376,0.008751,0.010307,0.005477,0.007817,0.0115,0.022681,0.008764,0.008517,0.010433,0.008161,0.012828,0.018496,0.021137,0.009824,0.010869,0.009743,0.019565,0.009839,0.010014,0.009975,0.01857,0.017932,0.010295,0.011993,0.010598,0.011044,0.012306,0.010411,0.012938,0.009794,0.095512,0.203271,R/Normal
0.076517,0.014781,0.00538,0.007222,0.012891,0.006495,0.010102,0.005557,0.006533,0.006284,0.011501,0.014257,0.00742,0.010272,0.011973,0.010676,0.006367,0.007392,0.008067,0.014291,0.008619,0.007819,0.015964,0.008076,0.010267,0.013711,0.014323,0.009005,0.01113,0.006438,0.007864,0.008481,0.013417,0.008026,0.00778,0.010791,0.008168,0.012298,0.014541,0.014184,0.008962,0.011075,0.009335,0.016369,0.009532,0.009773,0.011809,0.016536,0.01592,0.010112,0.013402,0.00851,0.009712,0.012965,0.009136,0.012883,0.011385,0.107914,0.229793,R/Normal
0.081887,0.016214,0.00481,0.006911,0.012498,0.005117,0.008744,0.00463,0.004904,0.004663,0.009072,0.01569,0.006143,0.007488,0.008358,0.008041,0.006643,0.007606,0.008248,0.013294,0.006035,0.005951,0.018347,0.007979,0.010403,0.012093,0.014033,0.007819,0.009952,0.006634,0.007669,0.008329,0.014044,0.006777,0.006407,0.009799,0.008182,0.010522,0.012274,0.014431,0.00843,0.010466,0.009509,0.015197,0.008277,0.00974,0.012626,0.014739,0.01669,0.009952,0.014408,0.00812,0.009785,0.014555,0.009532,0.014257,0.012472,0.117075,0.24553,R/Normal
0.063304,0.013377,0.004494,0.007245,0.014431,0.006445,0.01097,0.004437,0.006167,0.005349,0.011633,0.013324,0.007034,0.010379,0.011222,0.011163,0.004837,0.00784,0.00852,0.015493,0.00832,0.008828,0.016683,0.007797,0.013679,0.020701,0.018671,0.009778,0.012457,0.005352,0.008145,0.009039,0.017862,0.008525,0.008624,0.010454,0.007795,0.013476,0.01938,0.020106,0.009987,0.012573,0.006584,0.012902,0.00949,0.011563,0.00945,0.013054,0.013833,0.011047,0.014985,0.010411,0.010948,0.012253,0.011657,0.014487,0.0094,0.107853,0.214185,R/Normal
0.076901,0.014862,0.005047,0.006481,0.014113,0.005721,0.00875,0.005497,0.00633,0.006118,0.010813,0.014723,0.007138,0.009733,0.011232,0.0103,0.006208,0.007154,0.008242,0.015093,0.008003,0.007678,0.016589,0.007656,0.010182,0.012197,0.013455,0.008871,0.010868,0.006611,0.008084,0.008888,0.014333,0.007146,0.006886,0.011052,0.008032,0.011712,0.01518,0.014589,0.00806,0.010268,0.00964,0.016563,0.009186,0.00989,0.011731,0.016711,0.016984,0.009982,0.012777,0.008184,0.009744,0.013452,0.008899,0.012398,0.011574,0.113768,0.231721,R/Normal
0.063374,0.012624,0.003841,0.006937,0.013661,0.005983,0.010474,0.004018,0.006154,0.004989,0.009893,0.01303,0.007349,0.010584,0.010237,0.010071,0.005065,0.008648,0.010833,0.018427,0.007993,0.008174,0.016998,0.008862,0.014231,0.018841,0.021567,0.009982,0.011473,0.004888,0.008196,0.009922,0.017059,0.007513,0.008086,0.009951,0.008925,0.014037,0.018407,0.019354,0.009443,0.011062,0.00877,0.015615,0.009826,0.011076,0.009068,0.016089,0.017522,0.011861,0.014136,0.01008,0.01166,0.012601,0.011606,0.014526,0.00942,0.103623,0.211363,R/Normal
0.065973,0.013458,0.002771,0.005406,0.012361,0.004297,0.008562,0.003296,0.00474,0.003324,0.007904,0.015791,0.006942,0.009397,0.008052,0.008293,0.005362,0.009651,0.008728,0.014889,0.006286,0.006751,0.019194,0.009016,0.016133,0.018256,0.021231,0.009786,0.012092,0.004827,0.00787,0.007533,0.014176,0.005858,0.006232,0.008545,0.008475,0.012737,0.012489,0.017878,0.008075,0.010275,0.006569,0.013017,0.007906,0.010933,0.009402,0.014124,0.016449,0.011601,0.01694,0.010064,0.012806,0.013955,0.01384,0.018633,0.011411,0.118567,0.230874,R/Normal
0.062413,0.015107,0.002591,0.005843,0.011026,0.003959,0.008796,0.002497,0.003913,0.003466,0.008043,0.01468,0.005563,0.008349,0.008293,0.010069,0.004787,0.008154,0.006507,0.011189,0.005121,0.006138,0.02062,0.008926,0.014605,0.013539,0.01764,0.008525,0.01119,0.004964,0.008269,0.007235,0.012519,0.005304,0.006401,0.007706,0.00908,0.015045,0.014511,0.018234,0.008917,0.011314,0.008053,0.016548,0.008832,0.012811,0.010451,0.015959,0.022864,0.013758,0.01954,0.008866,0.013433,0.014448,0.01246,0.01904,0.010009,0.121823,0.230059,R/Normal
0.057734,0.011372,0.003937,0.006853,0.013793,0.006065,0.01109,0.00407,0.006205,0.004893,0.010615,0.012273,0.007473,0.011613,0.009344,0.010767,0.00503,0.008318,0.01108,0.022246,0.00866,0.008698,0.01626,0.00825,0.015598,0.022278,0.024619,0.009988,0.012473,0.005082,0.007438,0.009381,0.022312,0.00819,0.008575,0.009945,0.007697,0.01387,0.018312,0.0213,0.00942,0.012023,0.007071,0.013971,0.009729,0.010696,0.008296,0.017771,0.017714,0.011233,0.014988,0.011022,0.012023,0.011353,0.011981,0.01565,0.008663,0.103091,0.199609,R/Normal
0.041288,0.013593,0.002743,0.006978,0.008608,0.00576,0.014127,0.002845,0.006076,0.009163,0.02075,0.013449,0.007225,0.015564,0.02318,0.021879,0.003291,0.007862,0.007191,0.015757,0.011138,0.009229,0.010695,0.00776,0.016883,0.015555,0.018729,0.011505,0.012311,0.003227,0.008157,0.008141,0.016173,0.009719,0.00905,0.005749,0.007881,0.018126,0.018557,0.021026,0.011329,0.012322,0.012496,0.030569,0.012972,0.012985,0.009044,0.027083,0.031646,0.012092,0.01487,0.011538,0.012196,0.006942,0.012214,0.014607,0.009076,0.093089,0.16599,R/Normal
0.082025,0.015618,0.004958,0.006357,0.013616,0.005806,0.008258,0.00488,0.005748,0.005657,0.010386,0.01589,0.006649,0.008672,0.010459,0.009924,0.00656,0.007826,0.007321,0.011902,0.007193,0.007088,0.018514,0.008468,0.010498,0.012124,0.012908,0.008249,0.0104,0.006377,0.007358,0.007154,0.011563,0.006692,0.007065,0.010932,0.008094,0.009598,0.01227,0.012528,0.008196,0.010716,0.00882,0.014071,0.007483,0.009273,0.012048,0.013564,0.01534,0.009863,0.013374,0.008002,0.01021,0.014974,0.009646,0.014144,0.012308,0.118324,0.246061,R/Normal
0.086985,0.016063,0.005245,0.00643,0.014181,0.005015,0.007538,0.005148,0.00503,0.004645,0.008481,0.016525,0.006318,0.007769,0.00848,0.007718,0.00699,0.007419,0.008093,0.012387,0.00633,0.006289,0.017991,0.007465,0.009666,0.012365,0.013275,0.008097,0.01047,0.006753,0.007248,0.008274,0.012749,0.006152,0.005991,0.011329,0.007315,0.009068,0.011917,0.01337,0.007782,0.010413,0.008562,0.01363,0.007279,0.008649,0.012867,0.012449,0.014056,0.009033,0.012906,0.007818,0.009024,0.014739,0.009413,0.013489,0.013234,0.12101,0.255077,R/Normal
0.075074,0.014949,0.00503,0.007206,0.014077,0.006378,0.009356,0.005073,0.006411,0.006712,0.012049,0.014682,0.006865,0.009088,0.012204,0.011398,0.00616,0.007115,0.008678,0.015185,0.007495,0.007722,0.016196,0.007717,0.009828,0.012852,0.014688,0.008645,0.010874,0.006,0.007472,0.00948,0.017949,0.007692,0.007754,0.011319,0.007685,0.010406,0.014497,0.016757,0.008657,0.010985,0.009729,0.018118,0.008035,0.009067,0.011705,0.016663,0.01704,0.009505,0.012484,0.007828,0.009102,0.013178,0.00905,0.012293,0.0114,0.108789,0.229657,R/Normal
0.076088,0.015246,0.005176,0.006873,0.012977,0.006019,0.009086,0.005238,0.006162,0.006795,0.011678,0.014971,0.007154,0.009743,0.012895,0.010973,0.006412,0.007641,0.009629,0.016349,0.008247,0.007338,0.015974,0.007805,0.011131,0.013935,0.015698,0.008855,0.010162,0.006531,0.007736,0.008536,0.013969,0.007453,0.006956,0.010564,0.007928,0.011292,0.013359,0.014029,0.008439,0.010457,0.010962,0.018881,0.009112,0.009144,0.012194,0.016582,0.018115,0.009821,0.012648,0.008877,0.009479,0.012891,0.009073,0.012077,0.01212,0.106355,0.228172,R/Normal
0.050489,0.012605,0.002553,0.005786,0.010977,0.004423,0.009764,0.002558,0.0047,0.004007,0.009351,0.013261,0.005936,0.010335,0.009933,0.009653,0.004066,0.00779,0.007438,0.016636,0.007354,0.007138,0.01721,0.008954,0.017823,0.017552,0.020726,0.009304,0.011978,0.004054,0.007847,0.007974,0.016917,0.006889,0.006836,0.007124,0.008881,0.015395,0.017111,0.021525,0.00892,0.011608,0.00966,0.019037,0.009645,0.012237,0.008201,0.021268,0.027088,0.013776,0.018822,0.011305,0.014549,0.011879,0.012903,0.019683,0.008619,0.116696,0.203253,R/Normal
0.046265,0.016079,0.003241,0.007413,0.009034,0.005952,0.013738,0.003254,0.005843,0.007931,0.019782,0.016037,0.007461,0.012418,0.017425,0.019129,0.003386,0.007853,0.006718,0.012709,0.008424,0.008941,0.010625,0.006943,0.015782,0.014516,0.018474,0.01141,0.013772,0.003414,0.007343,0.005756,0.012996,0.009553,0.00901,0.006219,0.006585,0.014222,0.011923,0.016658,0.011888,0.013918,0.01025,0.023772,0.009166,0.011936,0.010843,0.026613,0.028633,0.011285,0.016472,0.010213,0.011047,0.007284,0.012824,0.016486,0.011122,0.111026,0.190986,R/Normal
0.077394,0.013579,0.004611,0.006194,0.012646,0.005105,0.008561,0.004753,0.005135,0.00456,0.00923,0.014391,0.006174,0.008035,0.008521,0.007944,0.006883,0.008213,0.008636,0.013968,0.006597,0.006281,0.018356,0.00925,0.014096,0.014993,0.014642,0.007565,0.009955,0.006697,0.007751,0.009066,0.014841,0.006887,0.006257,0.010028,0.008426,0.011807,0.01523,0.014725,0.007683,0.00972,0.008997,0.015722,0.008962,0.009481,0.011048,0.018775,0.019466,0.010548,0.013994,0.01068,0.011897,0.014752,0.010347,0.015266,0.011313,0.110987,0.232379,R/Normal
0.044567,0.010948,0.003072,0.006943,0.012313,0.005778,0.013113,0.003,0.0056,0.005344,0.013504,0.010577,0.006516,0.013439,0.013899,0.012428,0.003834,0.007606,0.009404,0.024992,0.010021,0.008812,0.014698,0.007761,0.015932,0.021106,0.025223,0.01025,0.012235,0.00381,0.007856,0.010047,0.025446,0.009682,0.008597,0.0083,0.007746,0.016476,0.023024,0.027849,0.010612,0.012419,0.00819,0.019952,0.011377,0.012216,0.007434,0.019641,0.02085,0.012269,0.016139,0.011091,0.011896,0.009894,0.011705,0.01552,0.007486,0.100647,0.178914,R/Normal
0.080536,0.016499,0.004756,0.00644,0.013045,0.005154,0.008817,0.004516,0.005009,0.004677,0.009433,0.015757,0.006133,0.007622,0.00841,0.008432,0.006358,0.00755,0.00739,0.01258,0.006087,0.006388,0.018141,0.007901,0.011159,0.012509,0.013006,0.007743,0.010367,0.006519,0.007541,0.007632,0.014087,0.007232,0.006615,0.009961,0.007589,0.0099,0.012226,0.013795,0.008643,0.010786,0.008676,0.013106,0.007289,0.009889,0.012448,0.015493,0.016075,0.009695,0.014679,0.008515,0.010193,0.014355,0.00976,0.014546,0.012393,0.120064,0.247885,R/Normal
0.044797,0.017263,0.002958,0.008067,0.008319,0.005767,0.0131,0.002792,0.005703,0.008339,0.020481,0.0168,0.00758,0.01381,0.022332,0.020974,0.003481,0.008287,0.006433,0.013492,0.010353,0.009106,0.01003,0.006868,0.014601,0.013737,0.01654,0.011984,0.011924,0.003519,0.009237,0.007858,0.014594,0.00944,0.008762,0.005351,0.007591,0.017357,0.015553,0.019482,0.012416,0.012382,0.010782,0.029728,0.011908,0.014286,0.012529,0.023378,0.029104,0.01219,0.015597,0.010317,0.010891,0.006666,0.012883,0.013913,0.011536,0.096849,0.177984,R/Normal
0.059328,0.012964,0.003196,0.006094,0.012291,0.005281,0.009516,0.003374,0.0054,0.004696,0.010368,0.013905,0.006794,0.010718,0.010746,0.010286,0.004693,0.008288,0.008628,0.017429,0.00746,0.00746,0.017292,0.009012,0.015635,0.017652,0.019456,0.009229,0.011894,0.004547,0.007827,0.008434,0.01479,0.006691,0.007285,0.008487,0.008472,0.014099,0.01708,0.018147,0.008634,0.011038,0.009199,0.017824,0.009671,0.010885,0.009208,0.019073,0.021548,0.011894,0.015859,0.010674,0.012747,0.012535,0.011879,0.01666,0.009552,0.112122,0.214054,R/Normal
0.046555,0.01119,0.003501,0.007402,0.012252,0.00646,0.013145,0.003591,0.006541,0.007037,0.013823,0.01136,0.007134,0.012346,0.0134,0.015161,0.003896,0.007716,0.009983,0.020524,0.00919,0.009564,0.013879,0.008101,0.016728,0.022153,0.024718,0.010565,0.012613,0.003907,0.00753,0.009994,0.021245,0.009721,0.009527,0.00871,0.008133,0.014887,0.020209,0.024085,0.010767,0.012296,0.010326,0.022392,0.010489,0.011454,0.007788,0.022619,0.02551,0.012114,0.01506,0.011858,0.012318,0.009619,0.011831,0.014952,0.007696,0.095951,0.176482,R/Normal
0.04972,0.013179,0.002942,0.00669,0.011469,0.005433,0.01175,0.002902,0.005536,0.005152,0.011869,0.013453,0.006915,0.012581,0.012109,0.0132,0.003747,0.0081,0.008957,0.018368,0.008529,0.008458,0.015474,0.007776,0.016023,0.018983,0.024675,0.011187,0.012954,0.003667,0.007864,0.008697,0.017064,0.008081,0.008477,0.007705,0.007743,0.015601,0.01827,0.023661,0.01038,0.012974,0.007564,0.016675,0.009729,0.012907,0.008678,0.016049,0.021621,0.012282,0.017778,0.009915,0.012167,0.010493,0.013191,0.017613,0.008928,0.107061,0.199037,R/Normal
0.078279,0.014435,0.005248,0.00706,0.014445,0.00615,0.009139,0.005443,0.006134,0.006219,0.011386,0.014414,0.006927,0.009405,0.011762,0.010574,0.006311,0.00745,0.008445,0.016544,0.007745,0.007552,0.016355,0.007456,0.010337,0.013216,0.014518,0.008521,0.010991,0.006417,0.007581,0.00843,0.014531,0.007804,0.007469,0.011536,0.008018,0.010878,0.014291,0.014425,0.00843,0.010571,0.009588,0.016488,0.008754,0.009327,0.011639,0.015171,0.016078,0.009843,0.012863,0.008536,0.009153,0.013192,0.008895,0.012455,0.011601,0.110014,0.23356,R/Normal
0.082006,0.017112,0.00582,0.007087,0.013397,0.00661,0.009231,0.005616,0.006576,0.008886,0.014359,0.016392,0.006928,0.009037,0.014731,0.013702,0.006552,0.006956,0.005888,0.009243,0.007432,0.007942,0.01518,0.007849,0.009989,0.008734,0.009597,0.00821,0.010491,0.006462,0.007167,0.005829,0.009477,0.007428,0.007837,0.010972,0.007788,0.01012,0.008681,0.00986,0.008493,0.011023,0.012058,0.019717,0.008412,0.008749,0.0139,0.017437,0.019137,0.009486,0.012216,0.008017,0.008952,0.012603,0.008415,0.012105,0.013263,0.112648,0.240196,R/Normal
0.062313,0.01602,0.004354,0.007836,0.011483,0.006318,0.011637,0.004118,0.006238,0.007271,0.015524,0.014663,0.007359,0.011449,0.015686,0.014246,0.00469,0.007849,0.007524,0.018773,0.008703,0.008277,0.013183,0.007704,0.013554,0.012677,0.015398,0.010106,0.011777,0.005051,0.008854,0.008296,0.015416,0.008707,0.008225,0.008206,0.008189,0.013437,0.017377,0.017147,0.010477,0.011944,0.010455,0.018811,0.009867,0.011902,0.011428,0.021316,0.020389,0.010535,0.014036,0.01015,0.010122,0.009604,0.010435,0.012958,0.010861,0.10289,0.20618,R/Normal
0.080399,0.015007,0.005656,0.006898,0.01389,0.006496,0.008837,0.00566,0.006444,0.006278,0.009733,0.014904,0.007446,0.009418,0.010042,0.009884,0.00704,0.00785,0.008893,0.013787,0.008041,0.007804,0.016815,0.007714,0.010522,0.013579,0.014339,0.008896,0.010718,0.006849,0.007795,0.008927,0.013609,0.007245,0.007459,0.011323,0.008141,0.010652,0.013151,0.014037,0.008499,0.010821,0.008785,0.015665,0.008791,0.009584,0.011966,0.013251,0.014128,0.009692,0.012695,0.008492,0.009281,0.014006,0.009432,0.012633,0.011996,0.110319,0.237785,R/Normal
0.042616,0.011106,0.002341,0.005423,0.012239,0.004389,0.011058,0.002437,0.004758,0.003627,0.009539,0.011142,0.00598,0.012152,0.009541,0.010998,0.003182,0.007255,0.010231,0.02466,0.008148,0.008106,0.016309,0.007575,0.016279,0.025499,0.034129,0.010567,0.012639,0.0029,0.007195,0.009601,0.026612,0.007591,0.007688,0.007746,0.007192,0.018117,0.024519,0.030764,0.009253,0.011467,0.006643,0.017601,0.011922,0.012425,0.007068,0.016078,0.022401,0.012986,0.017585,0.010241,0.01288,0.011006,0.012774,0.018205,0.007239,0.103623,0.184756,R/Normal
0.078239,0.014441,0.003759,0.00585,0.013927,0.004816,0.008849,0.004439,0.005069,0.00437,0.00999,0.015418,0.006172,0.008482,0.009228,0.008921,0.005908,0.007598,0.006991,0.01264,0.006714,0.006698,0.019924,0.008275,0.012251,0.014532,0.013774,0.008114,0.010773,0.006334,0.007467,0.007443,0.014242,0.007165,0.006527,0.010629,0.008502,0.011034,0.012246,0.014009,0.00773,0.009556,0.009236,0.014032,0.008114,0.009709,0.011259,0.016383,0.017424,0.011006,0.014451,0.009282,0.011167,0.015867,0.010108,0.014165,0.011862,0.116232,0.24066,R/Normal
0.072527,0.013834,0.00518,0.00705,0.01364,0.006965,0.009973,0.005674,0.006853,0.007467,0.013723,0.014482,0.00746,0.010137,0.01241,0.012735,0.006149,0.007794,0.008873,0.014971,0.007921,0.008318,0.015852,0.008202,0.011907,0.015118,0.01524,0.009227,0.011251,0.006234,0.007436,0.008553,0.014802,0.00828,0.008219,0.010954,0.008438,0.012109,0.013775,0.014403,0.008783,0.010603,0.009842,0.017279,0.00939,0.009328,0.011079,0.017115,0.016677,0.009977,0.012506,0.009665,0.00986,0.012804,0.009563,0.012506,0.011448,0.104135,0.223304,R/Normal
0.058181,0.011489,0.003659,0.007209,0.015232,0.007051,0.012734,0.003821,0.007186,0.006189,0.012365,0.011664,0.007013,0.012704,0.012486,0.012895,0.004119,0.007376,0.009452,0.01917,0.009119,0.009665,0.017157,0.007856,0.013559,0.017922,0.021315,0.010137,0.012545,0.004172,0.007375,0.009201,0.019741,0.009446,0.009488,0.010732,0.008271,0.013816,0.017727,0.020769,0.009914,0.012549,0.007952,0.015477,0.009658,0.01046,0.008006,0.016165,0.017242,0.011457,0.014501,0.009678,0.011166,0.011903,0.010647,0.014276,0.007884,0.105108,0.203952,R/Normal
0.069341,0.014257,0.004292,0.006688,0.013715,0.006161,0.010121,0.004155,0.00618,0.006559,0.011261,0.014007,0.0069,0.00961,0.011606,0.012347,0.005296,0.008127,0.007619,0.012087,0.007211,0.00806,0.018027,0.008943,0.014113,0.01452,0.015367,0.009118,0.011612,0.005409,0.008126,0.007364,0.013031,0.007619,0.008254,0.0098,0.00855,0.012452,0.013662,0.015112,0.008985,0.011543,0.009372,0.014447,0.008952,0.010882,0.010187,0.017106,0.018892,0.01142,0.015475,0.010345,0.012142,0.013085,0.011046,0.015169,0.010066,0.110263,0.223945,R/Normal
0.071556,0.012638,0.005128,0.007362,0.015104,0.007392,0.011293,0.005386,0.00748,0.006313,0.011752,0.013164,0.007543,0.011071,0.011085,0.011437,0.005906,0.008336,0.008504,0.01426,0.008726,0.009287,0.017356,0.008867,0.01342,0.01626,0.016069,0.009597,0.01207,0.005909,0.007937,0.008326,0.015517,0.008968,0.009096,0.011288,0.008447,0.012036,0.014372,0.015621,0.00915,0.011378,0.00789,0.01347,0.009303,0.010129,0.0094,0.014679,0.013972,0.010844,0.013488,0.010489,0.011257,0.013017,0.01075,0.013546,0.009691,0.105421,0.220243,R/Normal
0.042929,0.013232,0.00248,0.006055,0.009983,0.004695,0.011965,0.002116,0.004569,0.004245,0.010679,0.01252,0.005601,0.011828,0.011169,0.013111,0.003274,0.00767,0.006691,0.017041,0.007898,0.007693,0.014676,0.007574,0.0179,0.016816,0.022734,0.009762,0.012373,0.00285,0.007702,0.00685,0.013664,0.007305,0.00826,0.006243,0.007542,0.020389,0.020086,0.024126,0.011088,0.014344,0.007485,0.020794,0.012207,0.014508,0.008549,0.01733,0.028757,0.014456,0.021168,0.010158,0.014474,0.009259,0.014201,0.02113,0.007809,0.119698,0.188291,R/Normal
0.070198,0.011898,0.00546,0.00707,0.015567,0.00728,0.010881,0.005645,0.007292,0.006983,0.012921,0.012513,0.007902,0.011788,0.012675,0.011932,0.005779,0.007811,0.011905,0.021159,0.009383,0.009041,0.016215,0.007856,0.012322,0.018502,0.02015,0.009551,0.011412,0.006012,0.0075,0.010407,0.018606,0.008961,0.008641,0.012537,0.007759,0.010592,0.016332,0.017266,0.008745,0.010633,0.008057,0.013635,0.008564,0.009038,0.009727,0.015722,0.013898,0.009097,0.011435,0.009895,0.009552,0.01326,0.00941,0.011469,0.010112,0.100345,0.213702,R/Normal
0.035498,0.014117,0.002237,0.006833,0.007499,0.004651,0.013071,0.002215,0.004903,0.006796,0.01869,0.01415,0.007085,0.014679,0.020914,0.019725,0.002783,0.007791,0.007889,0.020193,0.010307,0.008784,0.009548,0.006448,0.017621,0.018946,0.025516,0.012467,0.013019,0.002846,0.00805,0.007618,0.016719,0.008971,0.008117,0.004799,0.006567,0.017711,0.017411,0.024227,0.01184,0.012955,0.009666,0.027112,0.011294,0.014483,0.009528,0.02661,0.033805,0.012526,0.018684,0.011689,0.01201,0.006117,0.013674,0.016882,0.009347,0.107556,0.156811,R/Normal
0.051289,0.010502,0.003749,0.007233,0.014624,0.0067,0.012918,0.003661,0.006645,0.005748,0.011738,0.009658,0.006694,0.012895,0.012412,0.012007,0.003972,0.007134,0.010802,0.026442,0.009913,0.009569,0.016272,0.008307,0.014243,0.023035,0.025048,0.009352,0.011557,0.004138,0.007753,0.012157,0.0252,0.009704,0.009667,0.010571,0.007975,0.015372,0.02693,0.028686,0.010396,0.012071,0.00737,0.015294,0.011176,0.011292,0.00744,0.015411,0.016556,0.011765,0.014146,0.010602,0.011623,0.011646,0.010596,0.013564,0.006749,0.094141,0.185888,R/Normal
0.08985,0.017598,0.004735,0.005805,0.01423,0.004805,0.007658,0.004605,0.004552,0.004859,0.010338,0.016471,0.00521,0.006638,0.008475,0.008345,0.006585,0.006592,0.004984,0.008572,0.005312,0.005731,0.01911,0.007574,0.009834,0.008579,0.00867,0.006415,0.010235,0.006596,0.006915,0.005376,0.009689,0.006204,0.005896,0.011004,0.007626,0.008827,0.008434,0.009662,0.007252,0.010726,0.009161,0.013222,0.006544,0.00859,0.013652,0.015233,0.015159,0.009302,0.01482,0.00742,0.009412,0.015664,0.008406,0.01394,0.013406,0.131762,0.267733,R/Normal
0.076879,0.015932,0.004731,0.006615,0.012942,0.006004,0.009088,0.00454,0.006063,0.006628,0.011231,0.015501,0.006938,0.009476,0.011944,0.011193,0.006233,0.007967,0.007256,0.012407,0.007642,0.007655,0.017259,0.008447,0.012129,0.0118,0.012318,0.00882,0.010446,0.006518,0.007763,0.007269,0.011477,0.00718,0.007176,0.010531,0.00844,0.011516,0.012218,0.012649,0.008525,0.010372,0.01,0.015847,0.009045,0.009886,0.01214,0.017233,0.017333,0.0103,0.013407,0.009519,0.010452,0.013687,0.010128,0.013379,0.012447,0.111748,0.235731,R/Normal
0.070198,0.011898,0.00546,0.00707,0.015567,0.00728,0.010881,0.005645,0.007292,0.006983,0.012921,0.012513,0.007902,0.011788,0.012675,0.011932,0.005779,0.007811,0.011905,0.021159,0.009383,0.009041,0.016215,0.007856,0.012322,0.018502,0.02015,0.009551,0.011412,0.006012,0.0075,0.010407,0.018606,0.008961,0.008641,0.012537,0.007759,0.010592,0.016332,0.017266,0.008745,0.010633,0.008057,0.013635,0.008564,0.009038,0.009727,0.015722,0.013898,0.009097,0.011435,0.009895,0.009552,0.01326,0.00941,0.011469,0.010112,0.100345,0.213702,R/Normal
0.080804,0.016223,0.005288,0.006825,0.013471,0.005857,0.009536,0.005703,0.005965,0.00631,0.013039,0.016018,0.00706,0.008798,0.012391,0.010713,0.006102,0.007649,0.007407,0.012742,0.007133,0.007177,0.015405,0.007431,0.011182,0.012631,0.012705,0.008638,0.011282,0.006313,0.007477,0.00719,0.011978,0.007885,0.007051,0.01046,0.00723,0.010363,0.0116,0.012297,0.008762,0.011254,0.0093,0.016529,0.008181,0.009149,0.01286,0.016481,0.015096,0.008953,0.012818,0.009203,0.008934,0.012246,0.009644,0.012763,0.012504,0.114459,0.239536,R/Normal
0.047922,0.01303,0.003027,0.006723,0.012384,0.006061,0.013154,0.002999,0.005859,0.005875,0.012808,0.013017,0.006999,0.013007,0.012797,0.014539,0.00353,0.007641,0.008929,0.020852,0.00896,0.009231,0.014125,0.00734,0.014842,0.019135,0.024565,0.010892,0.013404,0.003488,0.007458,0.008845,0.019802,0.008955,0.009586,0.008183,0.007333,0.015014,0.018845,0.022997,0.010979,0.013567,0.008201,0.018901,0.009647,0.011643,0.008811,0.017092,0.022086,0.011397,0.016226,0.009714,0.011663,0.009674,0.011909,0.016094,0.00863,0.106695,0.192919,R/Normal
0.043163,0.012077,0.002258,0.005462,0.010254,0.004332,0.010303,0.002367,0.00484,0.003997,0.009184,0.01192,0.005891,0.010874,0.01057,0.010832,0.00348,0.007153,0.007424,0.018541,0.007365,0.007444,0.015151,0.007382,0.016257,0.017824,0.02338,0.009413,0.013491,0.003311,0.007325,0.008311,0.017349,0.006754,0.007328,0.007009,0.007833,0.01734,0.020081,0.024518,0.00947,0.013618,0.007804,0.018892,0.010279,0.013079,0.007983,0.016784,0.02675,0.013814,0.021374,0.009499,0.013462,0.010157,0.012854,0.021506,0.00784,0.137431,0.187613,R/Normal
0.078628,0.015768,0.005105,0.006705,0.014036,0.005441,0.008223,0.005168,0.005609,0.005853,0.010447,0.015728,0.006926,0.009143,0.011128,0.008932,0.006236,0.007515,0.009737,0.016981,0.007606,0.006915,0.016561,0.007395,0.009944,0.013569,0.015793,0.008626,0.010405,0.006384,0.007753,0.00997,0.016351,0.007026,0.006818,0.011254,0.007291,0.010078,0.014526,0.016356,0.008321,0.010142,0.008933,0.013978,0.008268,0.009364,0.012748,0.014777,0.014467,0.008798,0.01266,0.008097,0.008997,0.013527,0.00908,0.012566,0.0126,0.110724,0.238023,R/Normal
0.06054,0.012473,0.004046,0.007272,0.013594,0.006651,0.011446,0.004193,0.006334,0.005602,0.011538,0.012716,0.007259,0.011333,0.012096,0.010841,0.005211,0.008324,0.009099,0.017412,0.008416,0.008527,0.016516,0.00878,0.01462,0.018,0.019393,0.009904,0.011632,0.005052,0.008274,0.009018,0.017547,0.00874,0.008624,0.009378,0.008626,0.014199,0.016984,0.01964,0.009725,0.011646,0.008771,0.01769,0.010263,0.011426,0.008873,0.016052,0.017963,0.011735,0.014848,0.010578,0.01209,0.012156,0.011551,0.01548,0.008894,0.102881,0.207528,R/Normal
0.045152,0.011171,0.003115,0.006613,0.011483,0.006013,0.013109,0.002897,0.005858,0.005773,0.01329,0.011035,0.006204,0.012654,0.013206,0.013789,0.003576,0.007243,0.008207,0.019137,0.009264,0.008872,0.014864,0.007759,0.016346,0.019015,0.02229,0.009746,0.013231,0.003755,0.00717,0.00841,0.021296,0.00948,0.009224,0.007901,0.008011,0.015815,0.016455,0.022312,0.010096,0.013152,0.008992,0.019524,0.009983,0.011722,0.00757,0.018967,0.026343,0.013189,0.018537,0.010778,0.012984,0.010197,0.012156,0.017952,0.007272,0.116524,0.183323,R/Normal
0.062879,0.012618,0.0043,0.008107,0.013996,0.007141,0.011911,0.004281,0.007358,0.005925,0.010619,0.012038,0.007894,0.012019,0.011321,0.010921,0.005154,0.008918,0.010261,0.01727,0.009125,0.009395,0.016405,0.009308,0.014264,0.018532,0.019801,0.010413,0.011593,0.005211,0.008876,0.010501,0.018646,0.009272,0.009137,0.010451,0.009224,0.014289,0.017759,0.020703,0.010828,0.011536,0.007704,0.014255,0.010522,0.01211,0.008979,0.013861,0.015364,0.012036,0.014076,0.010434,0.011914,0.012207,0.011753,0.014449,0.00887,0.099528,0.201737,R/Normal
0.043328,0.011261,0.002824,0.006421,0.011044,0.005383,0.0122,0.002881,0.005352,0.004619,0.011826,0.011336,0.006528,0.013039,0.012059,0.012817,0.003365,0.007329,0.009151,0.020059,0.009121,0.008961,0.013947,0.007567,0.01622,0.022425,0.026263,0.01064,0.013711,0.003684,0.007629,0.009369,0.021242,0.00853,0.008614,0.007565,0.007739,0.016855,0.020036,0.026382,0.010263,0.01347,0.008265,0.018219,0.010746,0.012523,0.007305,0.018869,0.02469,0.013218,0.018967,0.010373,0.012353,0.009699,0.012145,0.017796,0.007567,0.113673,0.180539,R/Normal
0.081449,0.015167,0.004941,0.006418,0.01315,0.005185,0.008881,0.004886,0.005369,0.005577,0.010247,0.015149,0.006456,0.008867,0.011351,0.00926,0.006597,0.007396,0.007542,0.014325,0.007384,0.00663,0.017439,0.00798,0.011001,0.01168,0.012817,0.007858,0.010453,0.006498,0.00727,0.007991,0.013677,0.007393,0.006324,0.010524,0.007684,0.010048,0.011807,0.013496,0.007865,0.010645,0.010258,0.017439,0.007948,0.009168,0.011675,0.0168,0.01742,0.009592,0.013603,0.008716,0.009966,0.013946,0.009197,0.013795,0.01195,0.11535,0.240499,R/Normal
0.077302,0.014079,0.005394,0.006594,0.014327,0.005869,0.009151,0.005193,0.005583,0.005266,0.010622,0.014269,0.007007,0.008917,0.009963,0.008909,0.006706,0.008328,0.011192,0.01689,0.007646,0.006901,0.016421,0.007518,0.011328,0.018631,0.01875,0.008656,0.011002,0.006779,0.007399,0.010914,0.017425,0.007387,0.007303,0.011063,0.007109,0.009656,0.015126,0.017537,0.008524,0.010856,0.008145,0.013503,0.008145,0.00924,0.011108,0.013789,0.013553,0.008888,0.012812,0.009228,0.009155,0.013235,0.010249,0.013384,0.011117,0.108422,0.230538,R/Normal
0.036435,0.010911,0.002131,0.006059,0.01052,0.004803,0.013059,0.002315,0.00514,0.004315,0.010901,0.011815,0.006397,0.013637,0.009929,0.01428,0.002249,0.007036,0.008231,0.020134,0.008087,0.009327,0.011916,0.005768,0.017414,0.020809,0.034806,0.012575,0.017176,0.002648,0.006958,0.008113,0.019824,0.007685,0.008902,0.006829,0.006085,0.015686,0.020342,0.033389,0.011495,0.015478,0.005995,0.014974,0.008718,0.013398,0.006991,0.016188,0.026623,0.011949,0.020328,0.009275,0.012205,0.007588,0.014488,0.02072,0.007443,0.125957,0.175551,R/Normal
0.090049,0.016444,0.004757,0.005603,0.01385,0.004717,0.007466,0.004647,0.004789,0.004971,0.009819,0.016508,0.005394,0.006707,0.008641,0.008258,0.007089,0.007323,0.005932,0.00928,0.005342,0.005775,0.019806,0.00794,0.010198,0.010055,0.010122,0.006857,0.009996,0.00705,0.007082,0.006458,0.010318,0.006019,0.005846,0.011279,0.007763,0.008999,0.009414,0.0107,0.007338,0.009917,0.008102,0.012189,0.007109,0.008704,0.013327,0.013965,0.013469,0.009147,0.014112,0.008191,0.009843,0.016241,0.00896,0.014185,0.013255,0.126969,0.265713,R/Normal
0.083009,0.016195,0.005102,0.006465,0.013006,0.005275,0.008094,0.00508,0.005255,0.005619,0.010948,0.015369,0.006095,0.008026,0.010051,0.009303,0.006697,0.007174,0.006571,0.011859,0.006805,0.006614,0.017567,0.008178,0.010676,0.010868,0.011139,0.007603,0.010358,0.007119,0.008021,0.00739,0.011242,0.006511,0.006516,0.010373,0.00835,0.010933,0.012062,0.012062,0.007926,0.010657,0.009343,0.016584,0.008573,0.009781,0.013139,0.017114,0.016849,0.010365,0.014686,0.008291,0.0101,0.014134,0.009178,0.013728,0.011937,0.117219,0.244816,R/Normal
0.083974,0.016701,0.004978,0.006769,0.013888,0.005252,0.00828,0.004943,0.005216,0.004963,0.009327,0.015641,0.006282,0.007878,0.008312,0.008305,0.006384,0.007063,0.007548,0.012427,0.006559,0.006401,0.018185,0.007039,0.009974,0.012171,0.012691,0.008091,0.010422,0.007121,0.007968,0.00882,0.014178,0.006806,0.006433,0.01092,0.007473,0.010048,0.01318,0.015359,0.008758,0.010558,0.007688,0.012045,0.008177,0.010206,0.013245,0.01222,0.012634,0.009559,0.014573,0.007848,0.008839,0.014437,0.009092,0.013313,0.012293,0.119797,0.250749,R/Normal
0.048768,0.011571,0.003506,0.007505,0.012489,0.006162,0.012968,0.003233,0.006074,0.005467,0.01103,0.011107,0.006957,0.013328,0.011389,0.012595,0.00404,0.007765,0.009534,0.021389,0.009356,0.009047,0.014704,0.007476,0.014964,0.021333,0.025091,0.010548,0.012446,0.003748,0.007597,0.010841,0.023464,0.00902,0.00936,0.008616,0.007418,0.015784,0.022365,0.027825,0.011431,0.013324,0.007637,0.017653,0.010601,0.012084,0.008107,0.015911,0.019734,0.011884,0.015891,0.010243,0.011751,0.010051,0.011799,0.015747,0.007826,0.104219,0.186225,R/Normal
0.077449,0.015681,0.004976,0.006614,0.013383,0.005767,0.00899,0.004998,0.006103,0.005815,0.010406,0.015761,0.007179,0.009098,0.010605,0.010169,0.006059,0.008105,0.008238,0.013727,0.007533,0.007619,0.017164,0.007781,0.011968,0.014567,0.014228,0.009361,0.010987,0.006116,0.007459,0.008098,0.013582,0.007219,0.007363,0.010364,0.007914,0.010253,0.01341,0.014127,0.008585,0.01074,0.008772,0.014904,0.008341,0.009804,0.011987,0.014572,0.015499,0.009939,0.013575,0.009528,0.010035,0.013516,0.010393,0.013511,0.01199,0.112618,0.235457,R/Normal
0.076766,0.015044,0.005424,0.00688,0.013106,0.006353,0.010488,0.005171,0.006301,0.006684,0.013291,0.014953,0.006632,0.010277,0.012207,0.011134,0.006442,0.007767,0.007352,0.012913,0.008231,0.007797,0.016498,0.007896,0.011802,0.013996,0.012747,0.008577,0.010823,0.006577,0.007663,0.007349,0.014361,0.008855,0.007688,0.010806,0.008001,0.011392,0.012267,0.012948,0.008647,0.010796,0.008723,0.015557,0.009064,0.00938,0.011876,0.016001,0.01415,0.009961,0.013695,0.009548,0.009544,0.013504,0.009343,0.01289,0.011748,0.109521,0.234591,R/Normal
0.054562,0.012367,0.003394,0.006826,0.016209,0.006679,0.012109,0.003365,0.007107,0.005177,0.009814,0.013067,0.007332,0.014174,0.012137,0.013164,0.003638,0.007018,0.008072,0.019141,0.009231,0.010953,0.016175,0.006815,0.012641,0.016811,0.022725,0.011424,0.015953,0.003388,0.006737,0.007517,0.017496,0.007813,0.010428,0.011245,0.006774,0.01255,0.016499,0.021729,0.010708,0.015074,0.005408,0.011391,0.008246,0.010708,0.007996,0.010169,0.014215,0.010273,0.015506,0.007813,0.01057,0.011121,0.011254,0.016118,0.008363,0.118314,0.216499,R/Normal
0.040918,0.012034,0.002485,0.006526,0.012296,0.005817,0.01411,0.002716,0.006125,0.005103,0.011164,0.012558,0.007165,0.014647,0.011708,0.01592,0.002431,0.006901,0.007457,0.017855,0.008683,0.010631,0.011904,0.005558,0.015609,0.020598,0.029581,0.012928,0.018266,0.002556,0.00664,0.007207,0.0178,0.008625,0.010145,0.008063,0.005832,0.0155,0.017783,0.025645,0.011726,0.016418,0.005228,0.014015,0.008808,0.012611,0.007679,0.012485,0.020087,0.011234,0.019748,0.008473,0.010772,0.007837,0.013268,0.019464,0.008137,0.126975,0.189543,R/Normal
0.078363,0.015585,0.005201,0.00736,0.013842,0.005655,0.009076,0.004888,0.005811,0.005575,0.010161,0.014578,0.007193,0.009867,0.011177,0.00944,0.006061,0.007255,0.008855,0.017506,0.008004,0.007074,0.016041,0.00704,0.010045,0.013125,0.016288,0.00878,0.010987,0.006469,0.007621,0.009778,0.016476,0.007438,0.007009,0.010576,0.007245,0.010695,0.015225,0.017719,0.009112,0.011344,0.007941,0.013298,0.008265,0.009875,0.012416,0.01359,0.013465,0.008879,0.013366,0.008231,0.008562,0.012617,0.009086,0.012574,0.011782,0.113209,0.235303,R/Normal
0.088056,0.016317,0.004771,0.006103,0.014623,0.004891,0.00717,0.004649,0.004619,0.003315,0.006224,0.01676,0.006334,0.007129,0.005632,0.006044,0.006557,0.007633,0.007597,0.011861,0.005665,0.005764,0.01967,0.007233,0.01016,0.012374,0.013181,0.008056,0.010693,0.006522,0.007354,0.007781,0.012322,0.005764,0.005997,0.011281,0.007077,0.00871,0.011094,0.012975,0.007625,0.010576,0.006682,0.009403,0.006757,0.009178,0.01327,0.011338,0.011761,0.008698,0.013947,0.008138,0.009134,0.015522,0.009613,0.014443,0.013483,0.128998,0.265475,R/Normal
0.067996,0.012662,0.004894,0.006895,0.013383,0.005705,0.010211,0.00573,0.006572,0.006965,0.013037,0.012937,0.007263,0.011412,0.015346,0.012245,0.006187,0.007608,0.009536,0.017019,0.009789,0.008458,0.015791,0.007875,0.011599,0.017794,0.015451,0.009003,0.011039,0.007015,0.008223,0.011694,0.020923,0.009251,0.00724,0.010359,0.008226,0.011649,0.020865,0.020003,0.008421,0.009439,0.011524,0.018137,0.009874,0.010416,0.010076,0.020005,0.019042,0.010286,0.0121,0.009644,0.010159,0.012737,0.009446,0.011464,0.010321,0.094806,0.206248,R/Normal
0.049784,0.011401,0.003277,0.007184,0.011616,0.006112,0.013324,0.003898,0.006505,0.006372,0.01363,0.012578,0.007837,0.013583,0.01329,0.014223,0.004215,0.008874,0.010818,0.020623,0.010168,0.009834,0.013868,0.007827,0.017818,0.024975,0.027169,0.011708,0.012518,0.004076,0.007508,0.010095,0.023043,0.010199,0.00904,0.008394,0.007557,0.014212,0.020541,0.024813,0.01076,0.011222,0.008147,0.0169,0.010014,0.011693,0.007854,0.021161,0.020114,0.011588,0.013971,0.012663,0.012058,0.009528,0.013514,0.014862,0.008826,0.091739,0.178879,R/Normal
0.083664,0.016563,0.005773,0.007114,0.013708,0.00656,0.009056,0.005696,0.006516,0.007087,0.01112,0.016312,0.007082,0.009507,0.012074,0.011698,0.006503,0.007376,0.00675,0.011533,0.007492,0.007744,0.016316,0.007255,0.009581,0.010763,0.011728,0.008374,0.011326,0.006481,0.007474,0.007235,0.011606,0.007001,0.007696,0.011133,0.007294,0.009632,0.011368,0.011971,0.008467,0.011692,0.008629,0.014402,0.007335,0.009008,0.013467,0.013111,0.014213,0.008608,0.012829,0.007369,0.008636,0.013316,0.008812,0.01298,0.013037,0.116651,0.246279,R/Normal
0.086939,0.016014,0.005105,0.006434,0.013959,0.005114,0.007354,0.00543,0.005424,0.005449,0.008229,0.01661,0.006705,0.007863,0.008634,0.00852,0.006798,0.007598,0.007858,0.012999,0.006516,0.006437,0.01827,0.007807,0.010127,0.01112,0.013302,0.008186,0.010482,0.006659,0.007083,0.007147,0.010759,0.006117,0.00616,0.011572,0.007678,0.009355,0.010632,0.011781,0.007469,0.010369,0.009884,0.01467,0.00726,0.008449,0.012934,0.014211,0.01665,0.009336,0.012792,0.007965,0.009532,0.014833,0.008915,0.013527,0.013509,0.118268,0.2532,R/Normal
0.080804,0.016223,0.005288,0.006825,0.013471,0.005857,0.009536,0.005703,0.005965,0.00631,0.013039,0.016018,0.00706,0.008798,0.012391,0.010713,0.006102,0.007649,0.007407,0.012742,0.007133,0.007177,0.015405,0.007431,0.011182,0.012631,0.012705,0.008638,0.011282,0.006313,0.007477,0.00719,0.011978,0.007885,0.007051,0.01046,0.00723,0.010363,0.0116,0.012297,0.008762,0.011254,0.0093,0.016529,0.008181,0.009149,0.01286,0.016481,0.015096,0.008953,0.012818,0.009203,0.008934,0.012246,0.009644,0.012763,0.012504,0.114459,0.239536,R/Normal
0.069712,0.013843,0.004162,0.007085,0.012163,0.005424,0.009932,0.003735,0.004868,0.004614,0.010165,0.014583,0.006338,0.008846,0.009731,0.008795,0.006109,0.009039,0.00981,0.014879,0.006917,0.006444,0.018478,0.009164,0.014436,0.018683,0.018219,0.008453,0.009457,0.006065,0.008294,0.009616,0.017223,0.0078,0.006981,0.009014,0.009157,0.012525,0.016692,0.017583,0.008896,0.00975,0.009178,0.015504,0.009909,0.01067,0.010834,0.016316,0.01719,0.01187,0.014306,0.011263,0.012126,0.014807,0.011423,0.014364,0.010913,0.10517,0.220473,R/Normal
0.078628,0.015768,0.005105,0.006705,0.014036,0.005441,0.008223,0.005168,0.005609,0.005853,0.010447,0.015728,0.006926,0.009143,0.011128,0.008932,0.006236,0.007515,0.009737,0.016981,0.007606,0.006915,0.016561,0.007395,0.009944,0.013569,0.015793,0.008626,0.010405,0.006384,0.007753,0.00997,0.016351,0.007026,0.006818,0.011254,0.007291,0.010078,0.014526,0.016356,0.008321,0.010142,0.008933,0.013978,0.008268,0.009364,0.012748,0.014777,0.014467,0.008798,0.01266,0.008097,0.008997,0.013527,0.00908,0.012566,0.0126,0.110724,0.238023,R/Normal
0.083039,0.01648,0.005239,0.007088,0.014197,0.005887,0.008644,0.005281,0.005551,0.005774,0.010751,0.016003,0.0064,0.008009,0.010272,0.009538,0.006233,0.007617,0.007392,0.010888,0.006321,0.006944,0.017342,0.007518,0.01079,0.012135,0.012298,0.008035,0.01094,0.006302,0.00746,0.007078,0.011962,0.006991,0.0073,0.011338,0.007275,0.009161,0.011544,0.012377,0.008703,0.011434,0.008626,0.012951,0.00735,0.009019,0.013219,0.015511,0.014523,0.008872,0.013155,0.008236,0.009525,0.013878,0.009574,0.013028,0.012669,0.118537,0.249802,R/Normal
0.087464,0.015604,0.005651,0.0067,0.015153,0.005422,0.007965,0.005772,0.005596,0.005457,0.009026,0.015573,0.006852,0.008097,0.009271,0.008485,0.006742,0.007433,0.008606,0.01333,0.006976,0.00676,0.018053,0.007279,0.009249,0.011379,0.013422,0.008312,0.010834,0.006902,0.007697,0.00914,0.012906,0.006497,0.006481,0.012186,0.007136,0.008868,0.012503,0.014512,0.007984,0.010495,0.007643,0.010501,0.007228,0.009223,0.013154,0.011954,0.011521,0.008349,0.012785,0.007384,0.008404,0.014623,0.008793,0.012512,0.012992,0.118499,0.254663,R/Normal
0.075262,0.015426,0.004313,0.006154,0.01515,0.005141,0.007675,0.004094,0.004742,0.004103,0.007623,0.015153,0.006147,0.007284,0.007438,0.008466,0.005308,0.007546,0.008085,0.012254,0.005594,0.006783,0.018775,0.007481,0.011444,0.015252,0.01603,0.008196,0.011484,0.00529,0.007293,0.006838,0.01213,0.00571,0.006844,0.01111,0.00748,0.010754,0.013032,0.013882,0.008166,0.012369,0.007428,0.016745,0.008008,0.01002,0.011421,0.016517,0.015656,0.010077,0.014693,0.008392,0.010605,0.014289,0.010136,0.014686,0.011051,0.125809,0.245167,R/Normal
0.063113,0.01098,0.004081,0.006068,0.015542,0.006046,0.00917,0.004263,0.006951,0.005235,0.00935,0.012876,0.007454,0.012371,0.012251,0.010741,0.005328,0.00855,0.009769,0.020311,0.009281,0.009311,0.019154,0.008752,0.01403,0.020389,0.021704,0.010268,0.012939,0.004519,0.006977,0.008088,0.016321,0.006882,0.008105,0.011073,0.008029,0.012806,0.017436,0.017625,0.007971,0.011279,0.006938,0.013351,0.008927,0.009671,0.007743,0.012503,0.014375,0.010962,0.013778,0.009919,0.01211,0.013915,0.011759,0.01595,0.009171,0.108659,0.216882,R/Normal
0.069043,0.01562,0.00474,0.007761,0.012094,0.006427,0.010289,0.00472,0.006718,0.006537,0.011469,0.01557,0.008172,0.010775,0.011844,0.012051,0.005609,0.009053,0.00936,0.015262,0.008006,0.00825,0.014095,0.008334,0.012941,0.014095,0.016806,0.010561,0.01196,0.005578,0.00925,0.009142,0.013578,0.007739,0.008006,0.008619,0.008291,0.013046,0.016167,0.01701,0.0102,0.011863,0.008673,0.015578,0.009487,0.011865,0.011593,0.014887,0.015809,0.010689,0.013821,0.009633,0.010774,0.010123,0.011685,0.01419,0.011585,0.106615,0.216345,R/Normal
0.077972,0.014862,0.005168,0.006803,0.013986,0.005623,0.009001,0.005472,0.005923,0.005306,0.009628,0.015151,0.007344,0.009456,0.010266,0.008984,0.006137,0.00771,0.009327,0.01562,0.007828,0.007573,0.016524,0.007388,0.011245,0.01388,0.01555,0.009106,0.011339,0.006156,0.007648,0.00882,0.014838,0.007324,0.007055,0.010978,0.007713,0.010764,0.013959,0.014651,0.008613,0.010784,0.008613,0.014267,0.008285,0.009727,0.011904,0.016779,0.015926,0.009186,0.012975,0.008954,0.009604,0.013206,0.009591,0.012826,0.01191,0.111524,0.235246,R/Normal
0.037371,0.013422,0.001918,0.006414,0.009768,0.004433,0.012719,0.001977,0.004688,0.004937,0.012478,0.013187,0.006094,0.012467,0.012117,0.014755,0.002289,0.00709,0.007416,0.016667,0.007709,0.008347,0.012387,0.005975,0.016138,0.01859,0.028403,0.01115,0.014736,0.002374,0.007507,0.0088,0.017323,0.007753,0.008422,0.006332,0.006109,0.016819,0.021153,0.031934,0.011819,0.015777,0.006269,0.015481,0.009227,0.014377,0.00882,0.015539,0.025021,0.012044,0.021226,0.009236,0.011822,0.008004,0.013735,0.020148,0.008594,0.127029,0.185659,R/Normal
0.065296,0.013797,0.004057,0.007058,0.010813,0.00579,0.010717,0.004257,0.005972,0.006502,0.015587,0.014012,0.007097,0.010242,0.014847,0.01144,0.005956,0.009379,0.009205,0.01454,0.008204,0.00711,0.016149,0.009314,0.016284,0.017762,0.01626,0.008597,0.009413,0.006063,0.008449,0.009244,0.017256,0.009304,0.007378,0.008602,0.008883,0.012827,0.015517,0.016473,0.008867,0.009384,0.011388,0.019311,0.009764,0.010774,0.010881,0.022581,0.020075,0.011486,0.013812,0.012708,0.012063,0.012812,0.011822,0.01356,0.011001,0.096442,0.205616,R/Normal
0.044476,0.011867,0.002532,0.005902,0.011831,0.00504,0.01137,0.002423,0.004957,0.00412,0.010137,0.011667,0.005834,0.012157,0.010532,0.012982,0.003434,0.006956,0.007156,0.017691,0.007616,0.008467,0.015722,0.007371,0.016895,0.018902,0.025732,0.010052,0.01418,0.003279,0.006953,0.007304,0.018868,0.007422,0.008339,0.007882,0.007619,0.016477,0.018435,0.026089,0.010253,0.014037,0.006984,0.016603,0.009785,0.012792,0.007506,0.015969,0.025609,0.013961,0.02005,0.009562,0.013911,0.010412,0.013258,0.020799,0.007441,0.120982,0.193416,R/Normal
0.065396,0.01523,0.004964,0.008393,0.012135,0.007284,0.010898,0.005051,0.007344,0.0079,0.014645,0.015197,0.008491,0.011907,0.01466,0.013835,0.005698,0.009177,0.009859,0.01737,0.009309,0.009309,0.013054,0.008444,0.012589,0.014634,0.017866,0.011255,0.011497,0.005502,0.008799,0.008967,0.01504,0.008817,0.009097,0.009188,0.008365,0.012304,0.014773,0.016778,0.010585,0.011458,0.009758,0.017316,0.009324,0.011271,0.01142,0.0176,0.017483,0.01071,0.012984,0.009772,0.010844,0.010079,0.011814,0.013057,0.01155,0.098639,0.203315,R/Normal
0.051681,0.017412,0.00358,0.007669,0.009368,0.005988,0.012269,0.003598,0.006188,0.008388,0.01939,0.017366,0.007853,0.013895,0.02,0.018857,0.003766,0.008154,0.006579,0.013859,0.009951,0.008786,0.010436,0.006728,0.014081,0.012666,0.016217,0.011469,0.013021,0.003627,0.008132,0.006757,0.012387,0.008785,0.008543,0.006254,0.006797,0.014557,0.013222,0.016657,0.011384,0.01316,0.010439,0.022469,0.01001,0.012508,0.012114,0.02288,0.025079,0.010213,0.01528,0.009654,0.01017,0.006914,0.012466,0.01512,0.012356,0.10514,0.197713,R/Normal
0.066985,0.013873,0.004133,0.007653,0.013243,0.006699,0.01142,0.0043,0.006769,0.006274,0.011044,0.013639,0.007783,0.010903,0.011014,0.011956,0.005131,0.008222,0.008202,0.01328,0.008085,0.008832,0.017373,0.00886,0.013568,0.014751,0.016494,0.009701,0.011945,0.005307,0.008513,0.008693,0.014715,0.008665,0.008739,0.009723,0.008768,0.012464,0.014161,0.017352,0.010039,0.011701,0.008941,0.014065,0.008745,0.010972,0.009729,0.014848,0.017965,0.011587,0.015047,0.009563,0.011737,0.012722,0.01107,0.014804,0.009986,0.108825,0.218422,R/Normal
0.073775,0.014182,0.005184,0.007354,0.013805,0.005967,0.00925,0.005481,0.006448,0.00575,0.010082,0.014973,0.007962,0.010399,0.010854,0.009824,0.006175,0.007664,0.011421,0.019689,0.008587,0.007891,0.015996,0.007442,0.010193,0.01646,0.019308,0.009844,0.011203,0.006356,0.008218,0.011569,0.016946,0.00762,0.00762,0.010769,0.00765,0.010813,0.017357,0.018979,0.008829,0.01106,0.007692,0.013654,0.008415,0.009768,0.011357,0.012767,0.013391,0.009308,0.01259,0.008058,0.009046,0.012189,0.009571,0.012351,0.011344,0.105792,0.225757,R/Normal
0.045476,0.012559,0.002796,0.007342,0.011979,0.005667,0.013191,0.002819,0.005581,0.00501,0.010671,0.012057,0.006634,0.012644,0.010899,0.012855,0.003205,0.007418,0.00863,0.019283,0.008242,0.00902,0.013525,0.006743,0.015557,0.020142,0.027102,0.011014,0.014132,0.003128,0.00759,0.009546,0.022026,0.00852,0.009379,0.00816,0.00661,0.014841,0.020989,0.030212,0.011969,0.01499,0.006387,0.01449,0.009195,0.012733,0.008375,0.013972,0.020719,0.011628,0.01763,0.009516,0.011504,0.009028,0.012913,0.017818,0.00795,0.113058,0.192933,R/Normal
0.076473,0.013725,0.005386,0.006509,0.013326,0.005845,0.008527,0.005358,0.006102,0.00644,0.010484,0.01348,0.007238,0.009577,0.011613,0.010172,0.006662,0.007507,0.010191,0.017802,0.008421,0.007558,0.017551,0.008794,0.011288,0.014995,0.015856,0.008501,0.009629,0.006909,0.007994,0.009302,0.015137,0.007409,0.007179,0.010986,0.008745,0.012037,0.015977,0.01441,0.007942,0.009792,0.01017,0.015906,0.009933,0.009699,0.01108,0.017738,0.017274,0.010389,0.012636,0.00951,0.010567,0.014335,0.009186,0.012511,0.010691,0.104103,0.225443,R/Normal
0.074268,0.014312,0.005197,0.007266,0.0132,0.00598,0.009339,0.005187,0.005909,0.00609,0.010707,0.014193,0.007058,0.009921,0.01171,0.010578,0.006384,0.007719,0.01112,0.018785,0.007964,0.007418,0.016094,0.007614,0.011544,0.015377,0.018825,0.0092,0.010448,0.006367,0.007929,0.010996,0.017888,0.007607,0.007115,0.010516,0.007715,0.011275,0.015006,0.018626,0.009181,0.010375,0.008928,0.016367,0.008808,0.009905,0.0114,0.016931,0.015577,0.009658,0.012629,0.009021,0.009717,0.012771,0.00944,0.012388,0.011468,0.103501,0.221489,R/Normal
0.070135,0.013948,0.004351,0.007073,0.012978,0.006439,0.010413,0.004662,0.006456,0.006861,0.013264,0.013971,0.007124,0.011244,0.01354,0.012568,0.005885,0.007663,0.007877,0.014968,0.008971,0.008139,0.016905,0.008487,0.01266,0.013611,0.01421,0.009174,0.010288,0.006099,0.008181,0.008192,0.014742,0.008588,0.007861,0.010095,0.009196,0.012935,0.012508,0.014522,0.008641,0.010166,0.010594,0.019802,0.009744,0.010171,0.01097,0.017729,0.01866,0.011502,0.013778,0.009742,0.010882,0.013561,0.009832,0.013135,0.010698,0.103349,0.220262,R/Normal
0.084449,0.014762,0.00476,0.006216,0.013225,0.005237,0.008465,0.005334,0.005393,0.004675,0.009451,0.015937,0.006459,0.007934,0.009923,0.007904,0.00729,0.008415,0.00763,0.011654,0.00686,0.006603,0.017965,0.008251,0.011564,0.012887,0.01259,0.008001,0.010443,0.006995,0.007389,0.007758,0.013974,0.007351,0.006345,0.010983,0.008033,0.009556,0.010385,0.012833,0.007889,0.009732,0.009637,0.014764,0.007718,0.008796,0.01187,0.015995,0.016122,0.009723,0.013346,0.009604,0.010391,0.015363,0.010207,0.013961,0.013108,0.115194,0.244701,R/Normal
0.080895,0.014676,0.005777,0.006988,0.014419,0.006152,0.009086,0.005107,0.005971,0.005845,0.010481,0.014694,0.007015,0.008972,0.010438,0.009621,0.006717,0.007538,0.009009,0.017641,0.007359,0.007218,0.017015,0.007728,0.010135,0.01349,0.015165,0.008374,0.010541,0.006537,0.007391,0.008817,0.016122,0.007312,0.007171,0.011399,0.007778,0.010106,0.013165,0.014621,0.008718,0.010727,0.008536,0.013454,0.008143,0.008952,0.012246,0.013777,0.013748,0.009447,0.012281,0.008361,0.00925,0.013979,0.009082,0.012757,0.011967,0.111,0.239087,R/Normal
0.042625,0.011548,0.003068,0.006592,0.011145,0.005996,0.012382,0.002925,0.006335,0.006294,0.012906,0.011754,0.007223,0.014313,0.01545,0.015369,0.003299,0.007378,0.009072,0.020159,0.009982,0.009751,0.01339,0.007465,0.0162,0.020264,0.026435,0.011297,0.013813,0.003053,0.00709,0.008356,0.01825,0.008646,0.009418,0.007894,0.007517,0.016971,0.020198,0.024069,0.010344,0.013642,0.008705,0.021524,0.011166,0.012041,0.007698,0.01819,0.025122,0.012603,0.017161,0.010412,0.012337,0.008929,0.012421,0.017335,0.00805,0.108052,0.178374,R/Normal
0.076473,0.013725,0.005386,0.006509,0.013326,0.005845,0.008527,0.005358,0.006102,0.00644,0.010484,0.01348,0.007238,0.009577,0.011613,0.010172,0.006662,0.007507,0.010191,0.017802,0.008421,0.007558,0.017551,0.008794,0.011288,0.014995,0.015856,0.008501,0.009629,0.006909,0.007994,0.009302,0.015137,0.007409,0.007179,0.010986,0.008745,0.012037,0.015977,0.01441,0.007942,0.009792,0.01017,0.015906,0.009933,0.009699,0.01108,0.017738,0.017274,0.010389,0.012636,0.00951,0.010567,0.014335,0.009186,0.012511,0.010691,0.104103,0.225443,R/Normal
0.039477,0.013203,0.001544,0.004873,0.009666,0.003721,0.010222,0.001838,0.004213,0.003514,0.009233,0.015344,0.006401,0.012421,0.010036,0.013071,0.002357,0.007504,0.007105,0.015013,0.0068,0.008364,0.013192,0.006478,0.017849,0.017204,0.029049,0.012753,0.018159,0.002304,0.006228,0.005479,0.011439,0.005968,0.007126,0.006184,0.006165,0.015357,0.013926,0.021934,0.009599,0.015383,0.006655,0.014394,0.007872,0.012763,0.008374,0.016895,0.026952,0.012242,0.022468,0.009368,0.013068,0.00848,0.015121,0.024396,0.009783,0.144472,0.199001,R/Normal
0.081844,0.016195,0.005198,0.006945,0.013065,0.005804,0.00866,0.005346,0.005903,0.006368,0.010038,0.016394,0.007089,0.008624,0.010314,0.010327,0.006635,0.008023,0.007612,0.012259,0.007113,0.007176,0.017133,0.008105,0.011182,0.012375,0.012891,0.00877,0.010801,0.006474,0.007755,0.00758,0.011708,0.006958,0.007188,0.010716,0.007771,0.01038,0.011573,0.012588,0.00842,0.010651,0.008737,0.013427,0.00801,0.009469,0.013132,0.014093,0.014535,0.009547,0.01328,0.008918,0.009624,0.014134,0.009823,0.013601,0.012913,0.114899,0.243905,R/Normal
0.055562,0.014784,0.003478,0.007103,0.009807,0.005609,0.010831,0.003647,0.005901,0.007546,0.01589,0.015838,0.007954,0.012413,0.017114,0.015344,0.004538,0.009089,0.009271,0.017865,0.009126,0.008324,0.012752,0.008594,0.014996,0.016408,0.0201,0.011068,0.011313,0.004247,0.008248,0.007481,0.014128,0.008027,0.00733,0.006924,0.008154,0.01407,0.014202,0.015833,0.009436,0.010441,0.013319,0.024991,0.010002,0.011035,0.01068,0.0255,0.031135,0.010949,0.013222,0.01038,0.011752,0.00926,0.012085,0.014582,0.01141,0.095854,0.193056,R/Normal
0.082329,0.014467,0.005662,0.0067,0.014464,0.005339,0.008186,0.005559,0.005627,0.004876,0.009307,0.014772,0.006988,0.008682,0.009426,0.007648,0.007409,0.008434,0.010951,0.017418,0.007244,0.006823,0.017208,0.008133,0.011385,0.017087,0.016914,0.008609,0.010598,0.00663,0.007677,0.009371,0.014965,0.006836,0.00627,0.011712,0.007354,0.010229,0.015617,0.014857,0.007857,0.009994,0.007446,0.012301,0.008737,0.009171,0.011695,0.012375,0.01155,0.008835,0.011767,0.009494,0.009485,0.014197,0.010209,0.01331,0.012432,0.10938,0.240005,R/Normal
0.084251,0.015529,0.00505,0.006288,0.014095,0.005135,0.007645,0.00492,0.005326,0.005113,0.008792,0.015429,0.006397,0.008312,0.009266,0.00833,0.006915,0.007529,0.007899,0.01299,0.006783,0.00636,0.018623,0.00825,0.010353,0.011731,0.013188,0.00798,0.010109,0.006742,0.007367,0.007754,0.012655,0.006278,0.006395,0.011453,0.007784,0.010236,0.011131,0.01293,0.007755,0.010069,0.008862,0.014512,0.00822,0.009181,0.012707,0.014139,0.014667,0.009954,0.013385,0.008227,0.009896,0.015376,0.009372,0.013558,0.01239,0.117581,0.250835,R/Normal
0.081603,0.015465,0.005481,0.007165,0.014934,0.00567,0.008714,0.00519,0.005562,0.005768,0.010911,0.014389,0.006406,0.008423,0.010386,0.009142,0.006383,0.007085,0.008583,0.014746,0.007141,0.006858,0.017101,0.007248,0.010226,0.013322,0.013854,0.007699,0.010172,0.006709,0.007251,0.009615,0.018372,0.007557,0.006977,0.012042,0.007433,0.00981,0.012629,0.015723,0.008736,0.010697,0.008963,0.013901,0.008012,0.009043,0.01239,0.014721,0.014153,0.008872,0.012629,0.008587,0.009029,0.014113,0.008684,0.012143,0.011691,0.112847,0.241044,R/Normal
0.051904,0.015512,0.002439,0.006347,0.00885,0.004268,0.0106,0.002664,0.004361,0.005776,0.014369,0.016478,0.006645,0.01085,0.01437,0.01483,0.003858,0.008355,0.007668,0.016494,0.007285,0.006682,0.013739,0.007636,0.016832,0.014858,0.020182,0.010226,0.011742,0.003829,0.00788,0.006506,0.013078,0.00684,0.006532,0.005741,0.007423,0.014296,0.013178,0.017033,0.009573,0.011454,0.010447,0.025951,0.008902,0.011993,0.010656,0.026808,0.030068,0.011389,0.01671,0.010541,0.012148,0.009272,0.013091,0.01793,0.011217,0.110736,0.202956,R/Normal
0.083002,0.015971,0.00542,0.006614,0.013309,0.005377,0.00871,0.005304,0.005585,0.005555,0.010057,0.016019,0.006717,0.0084,0.010753,0.009275,0.006779,0.007837,0.008023,0.01297,0.007074,0.006663,0.016598,0.007918,0.010657,0.012405,0.013433,0.00841,0.010444,0.007018,0.007672,0.0075,0.013405,0.007093,0.006812,0.010449,0.00778,0.010104,0.010813,0.012379,0.008363,0.010799,0.008576,0.015597,0.008069,0.009066,0.012636,0.014557,0.014639,0.009617,0.01372,0.008566,0.009384,0.013506,0.009575,0.01337,0.012661,0.115823,0.245173,R/Normal
0.086181,0.016186,0.004792,0.006154,0.013935,0.004892,0.007613,0.005121,0.005018,0.004807,0.009125,0.01657,0.006636,0.00853,0.009973,0.007981,0.006735,0.007385,0.008153,0.014384,0.006967,0.006067,0.017783,0.007528,0.010086,0.012201,0.014113,0.007981,0.010496,0.006527,0.007171,0.007193,0.0119,0.006392,0.00591,0.011159,0.007356,0.009759,0.0118,0.012058,0.007497,0.010264,0.008088,0.013319,0.007465,0.008924,0.012678,0.014024,0.013393,0.009071,0.013573,0.007782,0.009161,0.014624,0.009316,0.013782,0.013177,0.120776,0.252468,R/Normal
0.069748,0.016472,0.004302,0.007527,0.013543,0.006509,0.010712,0.004545,0.006716,0.005974,0.011096,0.016167,0.007744,0.010872,0.009927,0.012285,0.005003,0.0085,0.006973,0.012034,0.007356,0.008983,0.01513,0.007882,0.012116,0.012644,0.014774,0.010475,0.013487,0.005073,0.008115,0.006936,0.011971,0.007445,0.008923,0.009765,0.007569,0.011712,0.011078,0.014434,0.010372,0.013011,0.007627,0.013305,0.007774,0.011153,0.011811,0.013437,0.015632,0.010577,0.015323,0.008335,0.010558,0.011022,0.011417,0.015274,0.012026,0.118515,0.230316,R/Normal
0.081853,0.015425,0.005256,0.006628,0.01295,0.005749,0.00877,0.004962,0.005456,0.005676,0.01065,0.015133,0.006459,0.008281,0.010452,0.009592,0.006813,0.007674,0.007831,0.012596,0.006779,0.006495,0.017566,0.008114,0.011457,0.012297,0.013158,0.007966,0.010031,0.006807,0.00762,0.007042,0.011669,0.007012,0.006976,0.01039,0.008354,0.011171,0.011052,0.011732,0.008138,0.010554,0.009134,0.016667,0.008605,0.009496,0.012567,0.015265,0.015879,0.010309,0.014126,0.008874,0.010021,0.014425,0.009275,0.013693,0.011824,0.115845,0.243409,R/Normal
0.049955,0.012817,0.003037,0.008052,0.011431,0.007274,0.016029,0.003087,0.007326,0.006688,0.013957,0.012492,0.008106,0.014696,0.012697,0.015954,0.003447,0.008835,0.008458,0.015804,0.009774,0.010768,0.013664,0.009073,0.018291,0.016921,0.020039,0.011812,0.012956,0.003738,0.009328,0.008859,0.017388,0.010558,0.010697,0.007456,0.009481,0.017658,0.017097,0.021348,0.012003,0.012679,0.009062,0.016021,0.011298,0.013381,0.008337,0.019309,0.021948,0.013863,0.015747,0.012233,0.013364,0.008911,0.013105,0.014961,0.008412,0.096411,0.18191,R/Pneumonia/Acellular/Viral/Coronavirus/COVID-19
0.036855,0.013397,0.001595,0.005744,0.009069,0.004419,0.012848,0.001547,0.00432,0.004201,0.010842,0.013576,0.005417,0.012341,0.010962,0.01627,0.002254,0.007032,0.004697,0.010406,0.006769,0.00878,0.013993,0.007619,0.019503,0.011817,0.020313,0.010955,0.015183,0.002196,0.006906,0.005465,0.012668,0.006906,0.008836,0.005484,0.007598,0.018379,0.012875,0.022367,0.01122,0.015255,0.008193,0.020486,0.008896,0.014213,0.008273,0.02067,0.035587,0.015516,0.023215,0.009673,0.016024,0.008724,0.014445,0.023731,0.008297,0.134184,0.190995,R/Pneumonia/Acellular/Viral/Coronavirus/COVID-19
0.033587,0.010611,0.002286,0.008379,0.008868,0.007407,0.01979,0.002183,0.007367,0.00937,0.024108,0.010619,0.008422,0.01986,0.024143,0.02435,0.002551,0.008615,0.010541,0.024669,0.014565,0.011661,0.009447,0.008057,0.021961,0.025415,0.026377,0.012667,0.010681,0.002503,0.008897,0.010425,0.024723,0.014367,0.011353,0.00586,0.008039,0.021998,0.02425,0.02589,0.01259,0.010472,0.01076,0.027791,0.016052,0.013408,0.007256,0.026781,0.027277,0.012585,0.011213,0.0156,0.01269,0.006316,0.013192,0.011174,0.006972,0.065818,0.12519,R/Pneumonia/Acellular/Viral/Coronavirus/COVID-19
0.013255,0.007108,0.000981,0.004704,0.003737,0.002902,0.014904,0.000931,0.002935,0.004619,0.016478,0.007728,0.00488,0.013454,0.015683,0.022789,0.000868,0.005053,0.005311,0.014719,0.008523,0.007817,0.004178,0.002761,0.019783,0.022556,0.051452,0.012103,0.015202,0.000741,0.004408,0.006027,0.017531,0.009567,0.007969,0.002599,0.002871,0.019518,0.022324,0.052744,0.012007,0.01554,0.00408,0.015472,0.009234,0.016011,0.0051,0.015143,0.032459,0.011723,0.028182,0.009759,0.010977,0.003148,0.016846,0.026378,0.005375,0.226918,0.081937,R/Pneumonia/Acellular/Viral/Coronavirus/COVID-19
0.051731,0.018706,0.003426,0.008448,0.009479,0.006479,0.015389,0.003544,0.006588,0.007435,0.016896,0.018771,0.008691,0.015465,0.016651,0.020277,0.003624,0.008919,0.006694,0.012437,0.009831,0.009905,0.00988,0.006939,0.016301,0.012725,0.016831,0.012622,0.014338,0.003644,0.008871,0.006504,0.012348,0.009821,0.009902,0.006619,0.007107,0.016177,0.012504,0.016711,0.012521,0.014258,0.008195,0.017943,0.010395,0.012983,0.013805,0.018241,0.022101,0.010618,0.014889,0.010548,0.010573,0.00697,0.013034,0.01461,0.013814,0.101484,0.19379,R/Pneumonia/Acellular/Viral/Coronavirus/COVID-19
0.065534,0.013781,0.005834,0.008759,0.011298,0.008493,0.013395,0.005993,0.008462,0.009668,0.016338,0.014565,0.009136,0.01328,0.015454,0.017845,0.006138,0.00902,0.00814,0.012223,0.009722,0.010463,0.011618,0.008612,0.014357,0.013034,0.015368,0.011385,0.014455,0.005909,0.008543,0.008202,0.012447,0.010012,0.010416,0.008153,0.008047,0.012508,0.012648,0.015456,0.011288,0.013977,0.010086,0.015011,0.008958,0.010873,0.010027,0.018773,0.018579,0.010199,0.014112,0.010542,0.010799,0.008202,0.011466,0.014731,0.010207,0.097993,0.199467,R/Pneumonia/Acellular/Viral/Coronavirus/COVID-19
0.019929,0.007566,0.001181,0.00419,0.005939,0.00364,0.012006,0.001177,0.003441,0.004203,0.014707,0.007748,0.004175,0.011765,0.014259,0.017507,0.001688,0.005284,0.005441,0.018666,0.008156,0.00718,0.008177,0.005213,0.019929,0.021212,0.036947,0.009343,0.012393,0.001673,0.0052,0.005648,0.018289,0.00822,0.007414,0.004134,0.005001,0.018387,0.01955,0.035516,0.009345,0.011737,0.007696,0.023808,0.011338,0.013024,0.004966,0.026042,0.041085,0.013841,0.022399,0.012372,0.014014,0.005473,0.013455,0.022798,0.005189,0.216912,0.102413,R/Pneumonia/Acellular/Viral/Coronavirus/COVID-19
0.048688,0.013031,0.002218,0.005525,0.011301,0.004893,0.010586,0.002426,0.005334,0.003869,0.009218,0.014579,0.006312,0.011456,0.009197,0.012562,0.00332,0.008168,0.005874,0.01156,0.006709,0.009001,0.015686,0.008779,0.018429,0.013292,0.019587,0.010899,0.015944,0.003057,0.006976,0.005263,0.011108,0.006334,0.008445,0.006982,0.008166,0.015253,0.011398,0.017117,0.009643,0.014352,0.007395,0.014799,0.008409,0.012207,0.008016,0.016253,0.024992,0.014166,0.020542,0.01014,0.015302,0.009726,0.014236,0.022716,0.009027,0.143664,0.205872,R/Pneumonia/Acellular/Viral/Coronavirus/COVID-19
0.079879,0.017261,0.00449,0.006096,0.013687,0.004849,0.008305,0.004493,0.004994,0.004988,0.009317,0.016769,0.006356,0.008742,0.010144,0.007959,0.006139,0.006975,0.007817,0.012953,0.007857,0.006523,0.018195,0.006972,0.009976,0.011595,0.012381,0.007872,0.00877,0.006031,0.007225,0.008476,0.013869,0.007482,0.006155,0.011465,0.007504,0.010691,0.012709,0.013591,0.007817,0.009067,0.008689,0.01386,0.009228,0.009747,0.014401,0.012956,0.014169,0.009348,0.012016,0.008655,0.008949,0.016283,0.009159,0.011951,0.014541,0.1293,0.242312,R/Pneumonia/Acellular/Viral/Coronavirus/COVID-19
0.094809,0.015303,0.005587,0.00619,0.017486,0.005913,0.007834,0.005697,0.005902,0.0047,0.007241,0.015709,0.006094,0.007772,0.007474,0.008087,0.006386,0.006784,0.005014,0.007001,0.005658,0.00741,0.019665,0.007167,0.008769,0.00763,0.00878,0.007604,0.012208,0.006389,0.006542,0.00517,0.007848,0.005897,0.007283,0.013824,0.007062,0.0085,0.007311,0.008927,0.00756,0.012145,0.006612,0.009429,0.006251,0.008179,0.012301,0.009354,0.0111,0.008941,0.013793,0.006426,0.008854,0.016147,0.008473,0.013951,0.012141,0.135301,0.276418,R/Pneumonia/Acellular/Viral/Coronavirus/COVID-19
0.091365,0.017985,0.005514,0.005999,0.016645,0.005622,0.007616,0.00592,0.005597,0.006215,0.010135,0.018416,0.006544,0.008154,0.010886,0.009241,0.006522,0.006769,0.007242,0.011723,0.0076,0.007001,0.017738,0.006503,0.008684,0.010937,0.01101,0.008237,0.009032,0.006066,0.006411,0.006671,0.011159,0.007261,0.006769,0.01455,0.006167,0.0085,0.009916,0.009954,0.007226,0.009181,0.008249,0.013647,0.007752,0.007641,0.015814,0.01262,0.012214,0.007359,0.009571,0.008132,0.007625,0.016106,0.008284,0.010341,0.0159,0.115844,0.262214,R/Pneumonia/Acellular/Viral/Coronavirus/COVID-19
0.029184,0.010031,0.001962,0.006249,0.007699,0.005591,0.014612,0.002457,0.005734,0.007255,0.018519,0.010759,0.007398,0.014023,0.017059,0.018635,0.002555,0.008285,0.009892,0.019983,0.010393,0.009268,0.010309,0.007482,0.022759,0.026995,0.030133,0.011942,0.011766,0.002833,0.00775,0.009543,0.020515,0.010752,0.009312,0.005141,0.007764,0.020407,0.022935,0.027137,0.010566,0.010878,0.011335,0.026175,0.014036,0.014727,0.006818,0.030919,0.03672,0.014944,0.016622,0.016351,0.014683,0.006693,0.015439,0.016303,0.007686,0.096708,0.129379,R/Pneumonia/Acellular/Viral/Coronavirus/COVID-19
0.02024,0.012832,0.000681,0.004594,0.005692,0.002681,0.013947,0.000715,0.002935,0.003748,0.013203,0.01322,0.004851,0.015111,0.014253,0.020065,0.00102,0.006326,0.005836,0.015097,0.009036,0.00828,0.008902,0.005023,0.024281,0.018897,0.032816,0.012418,0.014029,0.000985,0.005875,0.00601,0.015565,0.008275,0.00786,0.004133,0.00479,0.022187,0.018001,0.033144,0.011777,0.013201,0.00723,0.025312,0.012055,0.015992,0.007983,0.026956,0.045575,0.014655,0.02242,0.013478,0.015349,0.00665,0.016847,0.022371,0.008084,0.131602,0.144908,R/Pneumonia/Acellular/Viral/Coronavirus/COVID-19
0.057811,0.016573,0.003152,0.007237,0.008447,0.003703,0.009342,0.002225,0.002819,0.003119,0.009554,0.011485,0.004019,0.005557,0.006773,0.0068,0.004695,0.007209,0.005301,0.009794,0.004412,0.004406,0.017903,0.008769,0.014621,0.014119,0.01281,0.005824,0.007248,0.007291,0.012925,0.014948,0.020341,0.007002,0.005568,0.006157,0.011272,0.021317,0.027354,0.034711,0.010454,0.010732,0.010318,0.02135,0.014931,0.018585,0.011627,0.020325,0.022975,0.017189,0.022174,0.010863,0.012925,0.01263,0.010907,0.015302,0.008485,0.10122,0.202392,R/Pneumonia/Acellular/Viral/Coronavirus/MERS
0.004418,0.004674,0.000159,0.002629,0.002914,0.001786,0.021559,0.000142,0.001846,0.003483,0.022212,0.004944,0.002823,0.023386,0.023422,0.041181,0.000172,0.003063,0.005919,0.029816,0.015196,0.010031,0.003307,0.002225,0.026714,0.029651,0.05485,0.012186,0.013606,0.000165,0.002935,0.005317,0.02654,0.014604,0.0094,0.002531,0.002271,0.026404,0.027004,0.046674,0.011287,0.012266,0.005092,0.035786,0.017583,0.013069,0.004014,0.032871,0.063104,0.012585,0.014881,0.016975,0.012748,0.002972,0.013989,0.016123,0.004307,0.117981,0.060208,R/Pneumonia/Acellular/Viral/Coronavirus/MERS
0.050121,0.013353,0.003515,0.009731,0.010694,0.008301,0.016958,0.00341,0.008191,0.007817,0.015342,0.012743,0.009387,0.016897,0.015441,0.018246,0.003574,0.009643,0.00904,0.016214,0.011216,0.011817,0.011401,0.009225,0.01804,0.01596,0.019886,0.01316,0.012554,0.003751,0.010227,0.009466,0.016246,0.010962,0.011734,0.007248,0.00931,0.019099,0.016824,0.020778,0.013516,0.01327,0.009354,0.018504,0.012619,0.014315,0.008825,0.017617,0.021035,0.013045,0.013872,0.01187,0.013,0.007707,0.013542,0.013465,0.008532,0.088227,0.170162,R/Pneumonia/Acellular/Viral/Coronavirus/SARS
0.037321,0.011507,0.002404,0.008567,0.00936,0.007385,0.018224,0.002405,0.007456,0.007685,0.016452,0.011541,0.008348,0.01805,0.015828,0.01946,0.002587,0.008773,0.00941,0.018054,0.012124,0.011871,0.010334,0.008692,0.020619,0.019143,0.024122,0.013404,0.012354,0.002654,0.009082,0.009185,0.018068,0.012312,0.011688,0.006325,0.008527,0.02026,0.017824,0.02349,0.013472,0.012656,0.009797,0.01941,0.013581,0.014444,0.007203,0.019279,0.024648,0.013597,0.013704,0.013808,0.013747,0.006907,0.014416,0.013774,0.007415,0.10517,0.150077,R/Pneumonia/Acellular/Viral/Coronavirus/SARS
0.057013,0.013977,0.004214,0.009349,0.010178,0.007216,0.013855,0.00441,0.007135,0.007479,0.014833,0.013803,0.009184,0.013037,0.01315,0.013322,0.005223,0.010224,0.010851,0.018238,0.009734,0.008963,0.012297,0.008987,0.015553,0.018361,0.02075,0.011668,0.011236,0.005417,0.010135,0.011305,0.019932,0.010536,0.009261,0.007303,0.008841,0.015216,0.017106,0.021492,0.01163,0.011332,0.010659,0.017748,0.011243,0.013237,0.010255,0.017601,0.019265,0.011722,0.013768,0.011599,0.011806,0.009106,0.01315,0.013574,0.010041,0.089503,0.181975,R/Pneumonia/Acellular/Viral/Varicella
0.066832,0.015285,0.004497,0.009359,0.012039,0.007575,0.012748,0.004675,0.007588,0.007553,0.013346,0.014808,0.009056,0.012919,0.013432,0.012705,0.005188,0.009504,0.009711,0.016257,0.009575,0.009223,0.013998,0.009105,0.013816,0.014167,0.016474,0.011122,0.010458,0.005448,0.010062,0.010186,0.016501,0.00964,0.009289,0.009255,0.009323,0.013681,0.01474,0.017589,0.011573,0.010776,0.01015,0.016046,0.009735,0.012133,0.011985,0.015451,0.017447,0.011359,0.012255,0.010004,0.0111,0.010648,0.01193,0.012107,0.011541,0.095335,0.199695,R/Pneumonia/Acellular/Viral/Varicella
0.016644,0.006836,0.001429,0.006344,0.003292,0.003189,0.013512,0.001269,0.003521,0.00623,0.017353,0.007556,0.007179,0.016484,0.020942,0.018027,0.002172,0.008471,0.015055,0.037711,0.015203,0.005818,0.004984,0.006059,0.026989,0.040672,0.043713,0.010402,0.007842,0.001875,0.006539,0.015535,0.029995,0.011957,0.005876,0.002343,0.005887,0.023845,0.049246,0.039403,0.009591,0.007179,0.014449,0.047405,0.01989,0.012014,0.005167,0.04425,0.042112,0.009739,0.009214,0.021296,0.01118,0.003235,0.015215,0.011443,0.006436,0.073754,0.069033,R/Pneumonia/Celullar/Bacterial/Streptococcus
0.051871,0.014501,0.002446,0.00659,0.012844,0.005896,0.012547,0.002501,0.006095,0.005084,0.012476,0.015484,0.007008,0.012637,0.011467,0.017119,0.003091,0.008212,0.006036,0.011234,0.00687,0.010427,0.015511,0.008479,0.016988,0.013906,0.020468,0.011773,0.01527,0.002786,0.007232,0.005081,0.010437,0.007069,0.009917,0.008133,0.007887,0.014759,0.010582,0.017505,0.011295,0.014584,0.007278,0.015135,0.007991,0.012617,0.009055,0.016297,0.024357,0.013116,0.017476,0.009302,0.014325,0.010016,0.013975,0.018712,0.00973,0.118515,0.210001,R/Pneumonia/Celullar/Bacterial/Streptococcus
0.074501,0.020756,0.00419,0.00794,0.01318,0.006399,0.009396,0.00424,0.006276,0.006399,0.009878,0.021139,0.00806,0.009377,0.009817,0.011,0.004894,0.009008,0.006957,0.011066,0.007247,0.007828,0.015518,0.007939,0.011501,0.010765,0.012054,0.010425,0.009686,0.004703,0.008739,0.007022,0.010834,0.007361,0.007886,0.010352,0.008049,0.01102,0.011051,0.01237,0.010029,0.009588,0.008842,0.012838,0.008575,0.011292,0.017185,0.01326,0.015768,0.009944,0.011194,0.008568,0.010098,0.012484,0.011531,0.011353,0.017229,0.111046,0.242352,R/Pneumonia/Celullar/Fungus/Pneumocystis
0.040182,0.012606,0.00277,0.007625,0.007345,0.005032,0.012835,0.003126,0.005337,0.007675,0.014563,0.014156,0.009124,0.015097,0.020104,0.015402,0.003736,0.01042,0.014487,0.023026,0.012937,0.008387,0.008794,0.008184,0.019011,0.03576,0.028923,0.011081,0.007421,0.003609,0.009099,0.015656,0.028694,0.010573,0.007345,0.006227,0.00765,0.021069,0.047095,0.034514,0.010446,0.007523,0.010395,0.030067,0.017206,0.012149,0.010573,0.024882,0.02356,0.01037,0.008616,0.0168,0.010929,0.006888,0.012123,0.008895,0.012581,0.059244,0.130077,R/Pneumonia/Celullar/Fungus/Pneumocystis
